epoch,train_mae_sbp,train_mae_dbp,train_mae,val_mae_sbp,val_mae_dbp,val_mae,train_mse_sbp,train_mse_dbp,train_mse,val_mse_sbp,val_mse_dbp,val_mse,lr,features
0,73.84732147955125,32.37402276069887,106.22134387108588,13.724154949188232,7.960163354873657,21.68431854248047,7609.384052891885,1493.6138832338395,9102.998031123992,320.55934143066406,7.960163354873657,328.5195083618164,0.1,"['CP', 'DT', 'SUT', 'DW10', 'SW_DW_ADD10', 'SW_DW_DIV_10', 'DW25', 'SW_DW_ADD25', 'SW_DW_DIV_25', 'DW33', 'SW_DW_ADD33', 'SW_DW_DIV_33', 'DW50', 'SW_DW_ADD50', 'SW_DW_DIV_50', 'DW66', 'SW_DW_ADD66', 'SW_DW_DIV_66', 'DW75', 'SW_DW_ADD75', 'SW_DW_DIV_75']"
1,11.766128663093813,8.774442549674742,20.540571151241178,11.118401765823364,5.482338070869446,16.60073947906494,245.867917952999,133.70213748562722,379.570058022776,211.9060173034668,5.482338070869446,217.38835525512695,0.1,"['CP', 'DT', 'SUT', 'DW10', 'SW_DW_ADD10', 'SW_DW_DIV_10', 'DW25', 'SW_DW_ADD25', 'SW_DW_DIV_25', 'DW33', 'SW_DW_ADD33', 'SW_DW_DIV_33', 'DW50', 'SW_DW_ADD50', 'SW_DW_DIV_50', 'DW66', 'SW_DW_ADD66', 'SW_DW_DIV_66', 'DW75', 'SW_DW_ADD75', 'SW_DW_DIV_75']"
2,9.92304531220467,5.62160458103303,15.544649954765074,9.061061143875122,5.133103609085083,14.194164752960205,186.36936556908393,59.35442426127772,245.72379032258064,156.85335159301758,5.133103609085083,161.98645401000977,0.1,"['CP', 'DT', 'SUT', 'DW10', 'SW_DW_ADD10', 'SW_DW_DIV_10', 'DW25', 'SW_DW_ADD25', 'SW_DW_DIV_25', 'DW33', 'SW_DW_ADD33', 'SW_DW_DIV_33', 'DW50', 'SW_DW_ADD50', 'SW_DW_DIV_50', 'DW66', 'SW_DW_ADD66', 'SW_DW_DIV_66', 'DW75', 'SW_DW_ADD75', 'SW_DW_DIV_75']"
3,9.128393450090963,5.206565995370188,14.334959399315618,8.78495168685913,4.9251720905303955,13.710123777389526,161.66115397791708,52.196009112942605,213.85716296780495,145.42462539672852,4.9251720905303955,150.34979629516602,0.1,"['CP', 'DT', 'SUT', 'DW10', 'SW_DW_ADD10', 'SW_DW_DIV_10', 'DW25', 'SW_DW_ADD25', 'SW_DW_DIV_25', 'DW33', 'SW_DW_ADD33', 'SW_DW_DIV_33', 'DW50', 'SW_DW_ADD50', 'SW_DW_DIV_50', 'DW66', 'SW_DW_ADD66', 'SW_DW_DIV_66', 'DW75', 'SW_DW_ADD75', 'SW_DW_DIV_75']"
4,8.64196506623299,5.015990703336654,13.657955846478862,8.30025339126587,5.004633545875549,13.304886817932129,148.42649841308594,49.9842894769484,198.4107862903226,133.61843490600586,5.004633545875549,138.62306594848633,0.1,"['CP', 'DT', 'SUT', 'DW10', 'SW_DW_ADD10', 'SW_DW_DIV_10', 'DW25', 'SW_DW_ADD25', 'SW_DW_DIV_25', 'DW33', 'SW_DW_ADD33', 'SW_DW_DIV_33', 'DW50', 'SW_DW_ADD50', 'SW_DW_DIV_50', 'DW66', 'SW_DW_ADD66', 'SW_DW_DIV_66', 'DW75', 'SW_DW_ADD75', 'SW_DW_DIV_75']"
5,8.351793504530384,4.901874157690233,13.253667646838773,8.415200233459473,5.030896782875061,13.446097135543823,138.17769573580833,49.50308449037613,187.68078022618448,134.44874954223633,5.030896782875061,139.4796485900879,0.1,"['CP', 'DT', 'SUT', 'DW10', 'SW_DW_ADD10', 'SW_DW_DIV_10', 'DW25', 'SW_DW_ADD25', 'SW_DW_DIV_25', 'DW33', 'SW_DW_ADD33', 'SW_DW_DIV_33', 'DW50', 'SW_DW_ADD50', 'SW_DW_DIV_50', 'DW66', 'SW_DW_ADD66', 'SW_DW_DIV_66', 'DW75', 'SW_DW_ADD75', 'SW_DW_DIV_75']"
6,8.309328602206323,4.754048424382364,13.063377011206843,8.098210334777832,4.735284805297852,12.833495140075684,137.0719705397083,47.6927356104697,184.76470651934224,129.25294494628906,4.735284805297852,133.98823165893555,0.1,"['CP', 'DT', 'SUT', 'DW10', 'SW_DW_ADD10', 'SW_DW_DIV_10', 'DW25', 'SW_DW_ADD25', 'SW_DW_DIV_25', 'DW33', 'SW_DW_ADD33', 'SW_DW_DIV_33', 'DW50', 'SW_DW_ADD50', 'SW_DW_DIV_50', 'DW66', 'SW_DW_ADD66', 'SW_DW_DIV_66', 'DW75', 'SW_DW_ADD75', 'SW_DW_DIV_75']"
7,8.04930506983111,4.685870662812264,12.735175624970466,8.19076681137085,4.707237362861633,12.898003816604614,129.92180510490172,47.876053840883316,177.79785894578504,131.2375831604004,4.707237362861633,135.94482040405273,0.1,"['CP', 'DT', 'SUT', 'DW10', 'SW_DW_ADD10', 'SW_DW_DIV_10', 'DW25', 'SW_DW_ADD25', 'SW_DW_DIV_25', 'DW33', 'SW_DW_ADD33', 'SW_DW_DIV_33', 'DW50', 'SW_DW_ADD50', 'SW_DW_DIV_50', 'DW66', 'SW_DW_ADD66', 'SW_DW_DIV_66', 'DW75', 'SW_DW_ADD75', 'SW_DW_DIV_75']"
8,7.934001784170827,4.550804061274374,12.484805845445202,7.8727803230285645,4.525647163391113,12.398427248001099,126.56850113407258,46.57541693410566,173.1439179451235,123.41727828979492,4.525647163391113,127.94292640686035,0.1,"['CP', 'DT', 'SUT', 'DW10', 'SW_DW_ADD10', 'SW_DW_DIV_10', 'DW25', 'SW_DW_ADD25', 'SW_DW_DIV_25', 'DW33', 'SW_DW_ADD33', 'SW_DW_DIV_33', 'DW50', 'SW_DW_ADD50', 'SW_DW_DIV_50', 'DW66', 'SW_DW_ADD66', 'SW_DW_DIV_66', 'DW75', 'SW_DW_ADD75', 'SW_DW_DIV_75']"
9,7.907075374357162,4.509796957815847,12.416872209118258,7.9477092027664185,4.43781840801239,12.385527849197388,125.77984397642074,45.764959027690274,171.5448027580015,124.49726486206055,4.43781840801239,128.9350814819336,0.1,"['CP', 'DT', 'SUT', 'DW10', 'SW_DW_ADD10', 'SW_DW_DIV_10', 'DW25', 'SW_DW_ADD25', 'SW_DW_DIV_25', 'DW33', 'SW_DW_ADD33', 'SW_DW_DIV_33', 'DW50', 'SW_DW_ADD50', 'SW_DW_DIV_50', 'DW66', 'SW_DW_ADD66', 'SW_DW_DIV_66', 'DW75', 'SW_DW_ADD75', 'SW_DW_DIV_75']"
10,7.897409131450038,4.504613291832708,12.402022361755371,7.689088463783264,4.456923604011536,12.1460120677948,126.52542729531565,45.244608109997166,171.77003528225808,120.1170597076416,4.456923604011536,124.57398223876953,0.1,"['CP', 'DT', 'SUT', 'DW10', 'SW_DW_ADD10', 'SW_DW_DIV_10', 'DW25', 'SW_DW_ADD25', 'SW_DW_DIV_25', 'DW33', 'SW_DW_ADD33', 'SW_DW_DIV_33', 'DW50', 'SW_DW_ADD50', 'SW_DW_DIV_50', 'DW66', 'SW_DW_ADD66', 'SW_DW_DIV_66', 'DW75', 'SW_DW_ADD75', 'SW_DW_DIV_75']"
11,7.8157726103259675,4.447962007214946,12.263734663686444,7.687787175178528,4.368802905082703,12.05659008026123,124.04628482941658,44.057188218639745,168.10347230972783,119.36074829101562,4.368802905082703,123.72955131530762,0.1,"['CP', 'DT', 'SUT', 'DW10', 'SW_DW_ADD10', 'SW_DW_DIV_10', 'DW25', 'SW_DW_ADD25', 'SW_DW_DIV_25', 'DW33', 'SW_DW_ADD33', 'SW_DW_DIV_33', 'DW50', 'SW_DW_ADD50', 'SW_DW_DIV_50', 'DW66', 'SW_DW_ADD66', 'SW_DW_DIV_66', 'DW75', 'SW_DW_ADD75', 'SW_DW_DIV_75']"
12,7.771929540941792,4.3728981479521725,12.144827719657652,7.748895168304443,4.426947832107544,12.175843000411987,122.52088165283203,42.27078530096239,164.79166683073967,119.52006530761719,4.426947832107544,123.94701385498047,0.1,"['CP', 'DT', 'SUT', 'DW10', 'SW_DW_ADD10', 'SW_DW_DIV_10', 'DW25', 'SW_DW_ADD25', 'SW_DW_DIV_25', 'DW33', 'SW_DW_ADD33', 'SW_DW_DIV_33', 'DW50', 'SW_DW_ADD50', 'SW_DW_DIV_50', 'DW66', 'SW_DW_ADD66', 'SW_DW_DIV_66', 'DW75', 'SW_DW_ADD75', 'SW_DW_DIV_75']"
13,7.607365392869519,4.302761262462985,11.910126624568816,7.8793827295303345,4.266492128372192,12.145874738693237,119.1053710445281,41.4244501667638,160.52982158045614,122.33197975158691,4.266492128372192,126.59847068786621,0.1,"['CP', 'DT', 'SUT', 'DW10', 'SW_DW_ADD10', 'SW_DW_DIV_10', 'DW25', 'SW_DW_ADD25', 'SW_DW_DIV_25', 'DW33', 'SW_DW_ADD33', 'SW_DW_DIV_33', 'DW50', 'SW_DW_ADD50', 'SW_DW_DIV_50', 'DW66', 'SW_DW_ADD66', 'SW_DW_DIV_66', 'DW75', 'SW_DW_ADD75', 'SW_DW_DIV_75']"
14,7.697930105270878,4.40575368942753,12.103683871607627,8.031498193740845,4.401289582252502,12.432787418365479,120.09778718025454,42.01772074545583,162.1155075565461,124.92659950256348,4.401289582252502,129.32789039611816,0.1,"['CP', 'DT', 'SUT', 'DW10', 'SW_DW_ADD10', 'SW_DW_DIV_10', 'DW25', 'SW_DW_ADD25', 'SW_DW_DIV_25', 'DW33', 'SW_DW_ADD33', 'SW_DW_DIV_33', 'DW50', 'SW_DW_ADD50', 'SW_DW_DIV_50', 'DW66', 'SW_DW_ADD66', 'SW_DW_DIV_66', 'DW75', 'SW_DW_ADD75', 'SW_DW_DIV_75']"
15,7.666818003500661,4.348366214383033,12.015184187120006,7.825821757316589,4.680284738540649,12.506106615066528,119.61212108981225,41.55498923024824,161.16711081227947,122.07952499389648,4.680284738540649,126.75981140136719,0.1,"['CP', 'DT', 'SUT', 'DW10', 'SW_DW_ADD10', 'SW_DW_DIV_10', 'DW25', 'SW_DW_ADD25', 'SW_DW_DIV_25', 'DW33', 'SW_DW_ADD33', 'SW_DW_DIV_33', 'DW50', 'SW_DW_ADD50', 'SW_DW_DIV_50', 'DW66', 'SW_DW_ADD66', 'SW_DW_DIV_66', 'DW75', 'SW_DW_ADD75', 'SW_DW_DIV_75']"
16,7.639999112775249,4.34609446987029,11.986093551881853,7.624059557914734,4.243862152099609,11.867921590805054,119.41342507639239,41.37098989179057,160.78441546040196,120.73987579345703,4.243862152099609,124.98373794555664,0.1,"['CP', 'DT', 'SUT', 'DW10', 'SW_DW_ADD10', 'SW_DW_DIV_10', 'DW25', 'SW_DW_ADD25', 'SW_DW_DIV_25', 'DW33', 'SW_DW_ADD33', 'SW_DW_DIV_33', 'DW50', 'SW_DW_ADD50', 'SW_DW_DIV_50', 'DW66', 'SW_DW_ADD66', 'SW_DW_DIV_66', 'DW75', 'SW_DW_ADD75', 'SW_DW_DIV_75']"
17,7.451692488885695,4.240373665286649,11.692066192626953,7.438241600990295,4.134089648723602,11.572331190109253,115.7876948695029,40.10353309877457,155.89122747605848,111.42649269104004,4.134089648723602,115.56058311462402,0.1,"['CP', 'DT', 'SUT', 'DW10', 'SW_DW_ADD10', 'SW_DW_DIV_10', 'DW25', 'SW_DW_ADD25', 'SW_DW_DIV_25', 'DW33', 'SW_DW_ADD33', 'SW_DW_DIV_33', 'DW50', 'SW_DW_ADD50', 'SW_DW_DIV_50', 'DW66', 'SW_DW_ADD66', 'SW_DW_DIV_66', 'DW75', 'SW_DW_ADD75', 'SW_DW_DIV_75']"
18,7.462824529217135,4.276513768780616,11.739338321070518,7.505662679672241,4.291822552680969,11.7974853515625,116.06559039700416,40.58471901186051,156.65030990108366,113.12887763977051,4.291822552680969,117.42070198059082,0.1,"['CP', 'DT', 'SUT', 'DW10', 'SW_DW_ADD10', 'SW_DW_DIV_10', 'DW25', 'SW_DW_ADD25', 'SW_DW_DIV_25', 'DW33', 'SW_DW_ADD33', 'SW_DW_DIV_33', 'DW50', 'SW_DW_ADD50', 'SW_DW_DIV_50', 'DW66', 'SW_DW_ADD66', 'SW_DW_DIV_66', 'DW75', 'SW_DW_ADD75', 'SW_DW_DIV_75']"
19,7.45306045778336,4.2525441723485145,11.70560464551372,7.583138108253479,4.238313317298889,11.821451187133789,116.12666345411732,40.28801591934696,156.41467925040953,116.96524620056152,4.238313317298889,121.20355987548828,0.1,"['CP', 'DT', 'SUT', 'DW10', 'SW_DW_ADD10', 'SW_DW_DIV_10', 'DW25', 'SW_DW_ADD25', 'SW_DW_DIV_25', 'DW33', 'SW_DW_ADD33', 'SW_DW_DIV_33', 'DW50', 'SW_DW_ADD50', 'SW_DW_DIV_50', 'DW66', 'SW_DW_ADD66', 'SW_DW_DIV_66', 'DW75', 'SW_DW_ADD75', 'SW_DW_DIV_75']"
20,7.508574147378245,4.31082111020242,11.819395280653431,7.615131974220276,4.277760863304138,11.892892837524414,117.10160064697266,40.8067246713946,157.9083251953125,117.1509017944336,4.277760863304138,121.42866134643555,0.1,"['CP', 'DT', 'SUT', 'DW10', 'SW_DW_ADD10', 'SW_DW_DIV_10', 'DW25', 'SW_DW_ADD25', 'SW_DW_DIV_25', 'DW33', 'SW_DW_ADD33', 'SW_DW_DIV_33', 'DW50', 'SW_DW_ADD50', 'SW_DW_DIV_50', 'DW66', 'SW_DW_ADD66', 'SW_DW_DIV_66', 'DW75', 'SW_DW_ADD75', 'SW_DW_DIV_75']"
21,7.521872920374716,4.256564963248469,11.778437922077794,7.337348461151123,4.316104531288147,11.65345311164856,117.37594924434539,40.13082602716261,157.50677687121976,110.14497566223145,4.316104531288147,114.46108055114746,0.1,"['CP', 'DT', 'SUT', 'DW10', 'SW_DW_ADD10', 'SW_DW_DIV_10', 'DW25', 'SW_DW_ADD25', 'SW_DW_DIV_25', 'DW33', 'SW_DW_ADD33', 'SW_DW_DIV_33', 'DW50', 'SW_DW_ADD50', 'SW_DW_DIV_50', 'DW66', 'SW_DW_ADD66', 'SW_DW_DIV_66', 'DW75', 'SW_DW_ADD75', 'SW_DW_DIV_75']"
22,7.3419699515065835,4.250706426558956,11.592676347301852,7.392916798591614,4.205067038536072,11.597983837127686,113.00683298418599,40.03371515581685,153.04054752472908,113.66482543945312,4.205067038536072,117.86989212036133,0.1,"['CP', 'DT', 'SUT', 'DW10', 'SW_DW_ADD10', 'SW_DW_DIV_10', 'DW25', 'SW_DW_ADD25', 'SW_DW_DIV_25', 'DW33', 'SW_DW_ADD33', 'SW_DW_DIV_33', 'DW50', 'SW_DW_ADD50', 'SW_DW_DIV_50', 'DW66', 'SW_DW_ADD66', 'SW_DW_DIV_66', 'DW75', 'SW_DW_ADD75', 'SW_DW_DIV_75']"
23,7.67758866279356,4.471256702176986,12.148845364970546,7.73214590549469,4.493518352508545,12.225664377212524,118.9496361517137,42.22759062244046,161.17722689720893,119.24912452697754,4.493518352508545,123.74264144897461,0.1,"['CP', 'DT', 'SUT', 'DW10', 'SW_DW_ADD10', 'SW_DW_DIV_10', 'DW25', 'SW_DW_ADD25', 'SW_DW_DIV_25', 'DW33', 'SW_DW_ADD33', 'SW_DW_DIV_33', 'DW50', 'SW_DW_ADD50', 'SW_DW_DIV_50', 'DW66', 'SW_DW_ADD66', 'SW_DW_DIV_66', 'DW75', 'SW_DW_ADD75', 'SW_DW_DIV_75']"
24,7.4518063452935985,4.320349185697494,11.772155392554499,7.225442290306091,4.1038665771484375,11.329309225082397,115.32508357878655,40.98965601767263,156.31473811980217,109.48317527770996,4.1038665771484375,113.58704376220703,0.1,"['CP', 'DT', 'SUT', 'DW10', 'SW_DW_ADD10', 'SW_DW_DIV_10', 'DW25', 'SW_DW_ADD25', 'SW_DW_DIV_25', 'DW33', 'SW_DW_ADD33', 'SW_DW_DIV_33', 'DW50', 'SW_DW_ADD50', 'SW_DW_DIV_50', 'DW66', 'SW_DW_ADD66', 'SW_DW_DIV_66', 'DW75', 'SW_DW_ADD75', 'SW_DW_DIV_75']"
25,7.32710418393535,4.1784064462108,11.505510607073385,7.375526547431946,4.263305902481079,11.638832569122314,113.54431669173702,38.909414968182965,152.45373190602947,113.79618644714355,4.263305902481079,118.05949211120605,0.1,"['CP', 'DT', 'SUT', 'DW10', 'SW_DW_ADD10', 'SW_DW_DIV_10', 'DW25', 'SW_DW_ADD25', 'SW_DW_DIV_25', 'DW33', 'SW_DW_ADD33', 'SW_DW_DIV_33', 'DW50', 'SW_DW_ADD50', 'SW_DW_DIV_50', 'DW66', 'SW_DW_ADD66', 'SW_DW_DIV_66', 'DW75', 'SW_DW_ADD75', 'SW_DW_DIV_75']"
26,7.410870844318021,4.280021136806857,11.690891942670268,7.593491077423096,4.53099262714386,12.124483823776245,113.90940438547442,39.802078739289314,153.71148287865424,118.80585479736328,4.53099262714386,123.33684921264648,0.1,"['CP', 'DT', 'SUT', 'DW10', 'SW_DW_ADD10', 'SW_DW_DIV_10', 'DW25', 'SW_DW_ADD25', 'SW_DW_DIV_25', 'DW33', 'SW_DW_ADD33', 'SW_DW_DIV_33', 'DW50', 'SW_DW_ADD50', 'SW_DW_DIV_50', 'DW66', 'SW_DW_ADD66', 'SW_DW_DIV_66', 'DW75', 'SW_DW_ADD75', 'SW_DW_DIV_75']"
27,7.396038716839206,4.2472831587637625,11.643321806384671,7.401138186454773,4.1245728731155396,11.525710821151733,114.72580792826992,39.59346365159558,154.31927047237272,109.29906272888184,4.1245728731155396,113.42363548278809,0.1,"['CP', 'DT', 'SUT', 'DW10', 'SW_DW_ADD10', 'SW_DW_DIV_10', 'DW25', 'SW_DW_ADD25', 'SW_DW_DIV_25', 'DW33', 'SW_DW_ADD33', 'SW_DW_DIV_33', 'DW50', 'SW_DW_ADD50', 'SW_DW_DIV_50', 'DW66', 'SW_DW_ADD66', 'SW_DW_DIV_66', 'DW75', 'SW_DW_ADD75', 'SW_DW_DIV_75']"
28,7.359311196111864,4.198088038352228,11.557399134482107,7.379223585128784,4.093805313110352,11.473028898239136,113.13842330440399,38.758207628803866,151.8966305640436,112.19233894348145,4.093805313110352,116.2861442565918,0.1,"['CP', 'DT', 'SUT', 'DW10', 'SW_DW_ADD10', 'SW_DW_DIV_10', 'DW25', 'SW_DW_ADD25', 'SW_DW_DIV_25', 'DW33', 'SW_DW_ADD33', 'SW_DW_DIV_33', 'DW50', 'SW_DW_ADD50', 'SW_DW_DIV_50', 'DW66', 'SW_DW_ADD66', 'SW_DW_DIV_66', 'DW75', 'SW_DW_ADD75', 'SW_DW_DIV_75']"
29,7.297222521997267,4.237093663984729,11.534316216745685,7.551518201828003,4.164626836776733,11.716145515441895,111.43426735170426,39.154851851924775,150.58911846530052,119.85379409790039,4.164626836776733,124.01841926574707,0.1,"['CP', 'DT', 'SUT', 'DW10', 'SW_DW_ADD10', 'SW_DW_DIV_10', 'DW25', 'SW_DW_ADD25', 'SW_DW_DIV_25', 'DW33', 'SW_DW_ADD33', 'SW_DW_DIV_33', 'DW50', 'SW_DW_ADD50', 'SW_DW_DIV_50', 'DW66', 'SW_DW_ADD66', 'SW_DW_DIV_66', 'DW75', 'SW_DW_ADD75', 'SW_DW_DIV_75']"
30,7.4723449830086,4.207702090663295,11.68004709674466,7.312856674194336,4.034498751163483,11.347355604171753,114.46643410959551,38.77646735406691,153.24290072533393,109.77145767211914,4.034498751163483,113.80595588684082,0.1,"['CP', 'DT', 'SUT', 'DW10', 'SW_DW_ADD10', 'SW_DW_DIV_10', 'DW25', 'SW_DW_ADD25', 'SW_DW_DIV_25', 'DW33', 'SW_DW_ADD33', 'SW_DW_DIV_33', 'DW50', 'SW_DW_ADD50', 'SW_DW_DIV_50', 'DW66', 'SW_DW_ADD66', 'SW_DW_DIV_66', 'DW75', 'SW_DW_ADD75', 'SW_DW_DIV_75']"
31,7.255087590986682,4.149224388983942,11.404311949206937,7.984094023704529,4.618422865867615,12.602517127990723,110.21650966521233,38.41642539731918,148.63293580086,123.58940124511719,4.618422865867615,128.20782470703125,0.1,"['CP', 'DT', 'SUT', 'DW10', 'SW_DW_ADD10', 'SW_DW_DIV_10', 'DW25', 'SW_DW_ADD25', 'SW_DW_DIV_25', 'DW33', 'SW_DW_ADD33', 'SW_DW_DIV_33', 'DW50', 'SW_DW_ADD50', 'SW_DW_DIV_50', 'DW66', 'SW_DW_ADD66', 'SW_DW_DIV_66', 'DW75', 'SW_DW_ADD75', 'SW_DW_DIV_75']"
32,7.3104147757253335,4.233733369458106,11.544148014437768,7.2746827602386475,4.068217933177948,11.34290075302124,113.00783169654107,38.34313694123299,151.35096839166457,111.32098007202148,4.068217933177948,115.38919830322266,0.1,"['CP', 'DT', 'SUT', 'DW10', 'SW_DW_ADD10', 'SW_DW_DIV_10', 'DW25', 'SW_DW_ADD25', 'SW_DW_DIV_25', 'DW33', 'SW_DW_ADD33', 'SW_DW_DIV_33', 'DW50', 'SW_DW_ADD50', 'SW_DW_DIV_50', 'DW66', 'SW_DW_ADD66', 'SW_DW_DIV_66', 'DW75', 'SW_DW_ADD75', 'SW_DW_DIV_75']"
33,7.170521443889987,4.114553820702337,11.285075187683105,7.36470901966095,4.266743421554565,11.631452322006226,108.53211728988155,37.53695850987588,146.06907456920993,114.85608673095703,4.266743421554565,119.12282943725586,0.1,"['CP', 'DT', 'SUT', 'DW10', 'SW_DW_ADD10', 'SW_DW_DIV_10', 'DW25', 'SW_DW_ADD25', 'SW_DW_DIV_25', 'DW33', 'SW_DW_ADD33', 'SW_DW_DIV_33', 'DW50', 'SW_DW_ADD50', 'SW_DW_DIV_50', 'DW66', 'SW_DW_ADD66', 'SW_DW_DIV_66', 'DW75', 'SW_DW_ADD75', 'SW_DW_DIV_75']"
34,7.267497508756576,4.184107019055274,11.451604504739084,7.3037025928497314,4.176198482513428,11.47990107536316,110.5256089241274,38.018350293559415,148.54395958685106,111.32929420471191,4.176198482513428,115.50549507141113,0.1,"['CP', 'DT', 'SUT', 'DW10', 'SW_DW_ADD10', 'SW_DW_DIV_10', 'DW25', 'SW_DW_ADD25', 'SW_DW_DIV_25', 'DW33', 'SW_DW_ADD33', 'SW_DW_DIV_33', 'DW50', 'SW_DW_ADD50', 'SW_DW_DIV_50', 'DW66', 'SW_DW_ADD66', 'SW_DW_DIV_66', 'DW75', 'SW_DW_ADD75', 'SW_DW_DIV_75']"
35,7.223257787765995,4.128687197162259,11.351944923400879,7.26228928565979,4.093902230262756,11.356191396713257,110.03794442453692,37.81257973947832,147.85052293346774,110.29921913146973,4.093902230262756,114.39312171936035,0.020000000000000004,"['CP', 'DT', 'SUT', 'DW10', 'SW_DW_ADD10', 'SW_DW_DIV_10', 'DW25', 'SW_DW_ADD25', 'SW_DW_DIV_25', 'DW33', 'SW_DW_ADD33', 'SW_DW_DIV_33', 'DW50', 'SW_DW_ADD50', 'SW_DW_DIV_50', 'DW66', 'SW_DW_ADD66', 'SW_DW_DIV_66', 'DW75', 'SW_DW_ADD75', 'SW_DW_DIV_75']"
36,6.859418038398989,3.955073910374795,10.814492010301159,6.95021665096283,3.9069985151290894,10.857215166091919,102.50582344301286,35.65325004823746,138.15907435263358,103.50068664550781,3.9069985151290894,107.40768623352051,0.020000000000000004,"['CP', 'DT', 'SUT', 'DW10', 'SW_DW_ADD10', 'SW_DW_DIV_10', 'DW25', 'SW_DW_ADD25', 'SW_DW_DIV_25', 'DW33', 'SW_DW_ADD33', 'SW_DW_DIV_33', 'DW50', 'SW_DW_ADD50', 'SW_DW_DIV_50', 'DW66', 'SW_DW_ADD66', 'SW_DW_DIV_66', 'DW75', 'SW_DW_ADD75', 'SW_DW_DIV_75']"
37,6.755389182798324,3.903198026841687,10.658587209640011,6.91192626953125,3.9089300632476807,10.82085633277893,99.89987158006237,35.083986528458134,134.98385817004788,103.55868721008301,3.9089300632476807,107.46761894226074,0.020000000000000004,"['CP', 'DT', 'SUT', 'DW10', 'SW_DW_ADD10', 'SW_DW_DIV_10', 'DW25', 'SW_DW_ADD25', 'SW_DW_DIV_25', 'DW33', 'SW_DW_ADD33', 'SW_DW_DIV_33', 'DW50', 'SW_DW_ADD50', 'SW_DW_DIV_50', 'DW66', 'SW_DW_ADD66', 'SW_DW_DIV_66', 'DW75', 'SW_DW_ADD75', 'SW_DW_DIV_75']"
38,6.76800517112978,3.9471202358122794,10.71512533003284,6.936550259590149,3.922011971473694,10.858561992645264,100.68856368526336,35.425276725522934,136.1138416413338,104.00909042358398,3.922011971473694,107.93110084533691,0.020000000000000004,"['CP', 'DT', 'SUT', 'DW10', 'SW_DW_ADD10', 'SW_DW_DIV_10', 'DW25', 'SW_DW_ADD25', 'SW_DW_DIV_25', 'DW33', 'SW_DW_ADD33', 'SW_DW_DIV_33', 'DW50', 'SW_DW_ADD50', 'SW_DW_DIV_50', 'DW66', 'SW_DW_ADD66', 'SW_DW_DIV_66', 'DW75', 'SW_DW_ADD75', 'SW_DW_DIV_75']"
39,6.688835636261971,3.9117871330630396,10.600622761634089,6.903399705886841,3.8815833926200867,10.784983158111572,98.84536398610761,35.29261749021469,134.13798203006868,102.18299674987793,3.8815833926200867,106.0645809173584,0.020000000000000004,"['CP', 'DT', 'SUT', 'DW10', 'SW_DW_ADD10', 'SW_DW_DIV_10', 'DW25', 'SW_DW_ADD25', 'SW_DW_DIV_25', 'DW33', 'SW_DW_ADD33', 'SW_DW_DIV_33', 'DW50', 'SW_DW_ADD50', 'SW_DW_DIV_50', 'DW66', 'SW_DW_ADD66', 'SW_DW_DIV_66', 'DW75', 'SW_DW_ADD75', 'SW_DW_DIV_75']"
40,6.655981217661211,3.8691324956955446,10.525113659520303,6.910460591316223,3.9294965863227844,10.839957237243652,98.13998905304939,34.789948432676255,132.9299368089245,103.07210350036621,3.9294965863227844,107.00160026550293,0.020000000000000004,"['CP', 'DT', 'SUT', 'DW10', 'SW_DW_ADD10', 'SW_DW_DIV_10', 'DW25', 'SW_DW_ADD25', 'SW_DW_DIV_25', 'DW33', 'SW_DW_ADD33', 'SW_DW_DIV_33', 'DW50', 'SW_DW_ADD50', 'SW_DW_DIV_50', 'DW66', 'SW_DW_ADD66', 'SW_DW_DIV_66', 'DW75', 'SW_DW_ADD75', 'SW_DW_DIV_75']"
41,6.690788715116439,3.8980310424681632,10.588819657602619,6.928478121757507,3.864385962486267,10.792864322662354,98.5343487647272,34.899056219285534,133.43340473790323,103.60849571228027,3.864385962486267,107.47288131713867,0.020000000000000004,"['CP', 'DT', 'SUT', 'DW10', 'SW_DW_ADD10', 'SW_DW_DIV_10', 'DW25', 'SW_DW_ADD25', 'SW_DW_DIV_25', 'DW33', 'SW_DW_ADD33', 'SW_DW_DIV_33', 'DW50', 'SW_DW_ADD50', 'SW_DW_DIV_50', 'DW66', 'SW_DW_ADD66', 'SW_DW_DIV_66', 'DW75', 'SW_DW_ADD75', 'SW_DW_DIV_75']"
42,6.620027634405321,3.8726979301821802,10.492725495369204,6.891047716140747,3.862314820289612,10.75336241722107,97.89603768625567,34.65790945483792,132.55394621818297,102.76325416564941,3.862314820289612,106.62556838989258,0.020000000000000004,"['CP', 'DT', 'SUT', 'DW10', 'SW_DW_ADD10', 'SW_DW_DIV_10', 'DW25', 'SW_DW_ADD25', 'SW_DW_DIV_25', 'DW33', 'SW_DW_ADD33', 'SW_DW_DIV_33', 'DW50', 'SW_DW_ADD50', 'SW_DW_DIV_50', 'DW66', 'SW_DW_ADD66', 'SW_DW_DIV_66', 'DW75', 'SW_DW_ADD75', 'SW_DW_DIV_75']"
43,6.614399833063925,3.863869228670674,10.47826914633474,6.8972495794296265,3.865321397781372,10.762570858001709,97.64160993022304,34.54171346849011,132.18332204511088,103.25689125061035,3.865321397781372,107.12221145629883,0.020000000000000004,"['CP', 'DT', 'SUT', 'DW10', 'SW_DW_ADD10', 'SW_DW_DIV_10', 'DW25', 'SW_DW_ADD25', 'SW_DW_DIV_25', 'DW33', 'SW_DW_ADD33', 'SW_DW_DIV_33', 'DW50', 'SW_DW_ADD50', 'SW_DW_DIV_50', 'DW66', 'SW_DW_ADD66', 'SW_DW_DIV_66', 'DW75', 'SW_DW_ADD75', 'SW_DW_DIV_75']"
44,6.577863154872771,3.83759666258289,10.41545984821935,6.821462631225586,3.859776198863983,10.681238889694214,96.5800025693832,34.08757412818171,130.6675779281124,101.14608001708984,3.859776198863983,105.00585746765137,0.020000000000000004,"['CP', 'DT', 'SUT', 'DW10', 'SW_DW_ADD10', 'SW_DW_DIV_10', 'DW25', 'SW_DW_ADD25', 'SW_DW_DIV_25', 'DW33', 'SW_DW_ADD33', 'SW_DW_DIV_33', 'DW50', 'SW_DW_ADD50', 'SW_DW_DIV_50', 'DW66', 'SW_DW_ADD66', 'SW_DW_DIV_66', 'DW75', 'SW_DW_ADD75', 'SW_DW_DIV_75']"
45,6.621607611256261,3.9002623481135212,10.521870059351768,6.852970361709595,3.842436134815216,10.695406675338745,97.41720851775139,34.902657108922156,132.31986605736518,101.45670700073242,3.842436134815216,105.29914283752441,0.020000000000000004,"['CP', 'DT', 'SUT', 'DW10', 'SW_DW_ADD10', 'SW_DW_DIV_10', 'DW25', 'SW_DW_ADD25', 'SW_DW_DIV_25', 'DW33', 'SW_DW_ADD33', 'SW_DW_DIV_33', 'DW50', 'SW_DW_ADD50', 'SW_DW_DIV_50', 'DW66', 'SW_DW_ADD66', 'SW_DW_DIV_66', 'DW75', 'SW_DW_ADD75', 'SW_DW_DIV_75']"
46,6.596820323697982,3.850149892991589,10.446970201307728,6.9045127630233765,3.884625554084778,10.789138555526733,97.20162594702936,34.34188627427624,131.54351191366874,102.07040977478027,3.884625554084778,105.95503425598145,0.020000000000000004,"['CP', 'DT', 'SUT', 'DW10', 'SW_DW_ADD10', 'SW_DW_DIV_10', 'DW25', 'SW_DW_ADD25', 'SW_DW_DIV_25', 'DW33', 'SW_DW_ADD33', 'SW_DW_DIV_33', 'DW50', 'SW_DW_ADD50', 'SW_DW_DIV_50', 'DW66', 'SW_DW_ADD66', 'SW_DW_DIV_66', 'DW75', 'SW_DW_ADD75', 'SW_DW_DIV_75']"
47,6.60175351173647,3.8557386705952306,10.457492213095389,6.849290728569031,3.8340660333633423,10.683356761932373,96.60724762947329,34.1976069788779,130.8048551005702,102.0665454864502,3.8340660333633423,105.9006118774414,0.020000000000000004,"['CP', 'DT', 'SUT', 'DW10', 'SW_DW_ADD10', 'SW_DW_DIV_10', 'DW25', 'SW_DW_ADD25', 'SW_DW_DIV_25', 'DW33', 'SW_DW_ADD33', 'SW_DW_DIV_33', 'DW50', 'SW_DW_ADD50', 'SW_DW_DIV_50', 'DW66', 'SW_DW_ADD66', 'SW_DW_DIV_66', 'DW75', 'SW_DW_ADD75', 'SW_DW_DIV_75']"
48,6.572957377279958,3.8356450219308176,10.408602406901698,6.76329779624939,3.822061777114868,10.585359573364258,96.5043236517137,34.12184985991447,130.6261739423198,99.84916496276855,3.822061777114868,103.67122650146484,0.020000000000000004,"['CP', 'DT', 'SUT', 'DW10', 'SW_DW_ADD10', 'SW_DW_DIV_10', 'DW25', 'SW_DW_ADD25', 'SW_DW_DIV_25', 'DW33', 'SW_DW_ADD33', 'SW_DW_DIV_33', 'DW50', 'SW_DW_ADD50', 'SW_DW_DIV_50', 'DW66', 'SW_DW_ADD66', 'SW_DW_DIV_66', 'DW75', 'SW_DW_ADD75', 'SW_DW_DIV_75']"
49,6.5333702948785595,3.8219377071626726,10.355308040495842,6.847432374954224,3.903190553188324,10.750622749328613,95.8220953172253,33.801809310913086,129.623903089954,100.94143486022949,3.903190553188324,104.8446273803711,0.020000000000000004,"['CP', 'DT', 'SUT', 'DW10', 'SW_DW_ADD10', 'SW_DW_DIV_10', 'DW25', 'SW_DW_ADD25', 'SW_DW_DIV_25', 'DW33', 'SW_DW_ADD33', 'SW_DW_DIV_33', 'DW50', 'SW_DW_ADD50', 'SW_DW_DIV_50', 'DW66', 'SW_DW_ADD66', 'SW_DW_DIV_66', 'DW75', 'SW_DW_ADD75', 'SW_DW_DIV_75']"
50,6.531464099884033,3.824321277679936,10.355785369873047,6.748431324958801,3.808125913143158,10.556557416915894,95.45916994156376,33.843297281572895,129.30246808451992,98.34327125549316,3.808125913143158,102.15139579772949,0.020000000000000004,"['CP', 'DT', 'SUT', 'DW10', 'SW_DW_ADD10', 'SW_DW_DIV_10', 'DW25', 'SW_DW_ADD25', 'SW_DW_DIV_25', 'DW33', 'SW_DW_ADD33', 'SW_DW_DIV_33', 'DW50', 'SW_DW_ADD50', 'SW_DW_DIV_50', 'DW66', 'SW_DW_ADD66', 'SW_DW_DIV_66', 'DW75', 'SW_DW_ADD75', 'SW_DW_DIV_75']"
51,6.587100905756796,3.8260272779772357,10.413128237570486,6.831176161766052,3.811587631702423,10.6427640914917,96.56574249267578,33.86142306174001,130.42716610816217,100.80014038085938,3.811587631702423,104.61172676086426,0.020000000000000004,"['CP', 'DT', 'SUT', 'DW10', 'SW_DW_ADD10', 'SW_DW_DIV_10', 'DW25', 'SW_DW_ADD25', 'SW_DW_DIV_25', 'DW33', 'SW_DW_ADD33', 'SW_DW_DIV_33', 'DW50', 'SW_DW_ADD50', 'SW_DW_DIV_50', 'DW66', 'SW_DW_ADD66', 'SW_DW_DIV_66', 'DW75', 'SW_DW_ADD75', 'SW_DW_DIV_75']"
52,6.549713104001937,3.8216813687355287,10.371394372755482,6.744274735450745,3.790152847766876,10.534427642822266,96.0657232961347,33.85655833828834,129.92228280344318,98.8953800201416,3.790152847766876,102.68553352355957,0.020000000000000004,"['CP', 'DT', 'SUT', 'DW10', 'SW_DW_ADD10', 'SW_DW_DIV_10', 'DW25', 'SW_DW_ADD25', 'SW_DW_DIV_25', 'DW33', 'SW_DW_ADD33', 'SW_DW_DIV_33', 'DW50', 'SW_DW_ADD50', 'SW_DW_DIV_50', 'DW66', 'SW_DW_ADD66', 'SW_DW_DIV_66', 'DW75', 'SW_DW_ADD75', 'SW_DW_DIV_75']"
53,6.517323924649146,3.809547262807046,10.326871164383427,6.757407784461975,3.817291736602783,10.574699640274048,95.28831211213142,33.56057407009986,128.84888507473855,100.35308837890625,3.817291736602783,104.17037963867188,0.020000000000000004,"['CP', 'DT', 'SUT', 'DW10', 'SW_DW_ADD10', 'SW_DW_DIV_10', 'DW25', 'SW_DW_ADD25', 'SW_DW_DIV_25', 'DW33', 'SW_DW_ADD33', 'SW_DW_DIV_33', 'DW50', 'SW_DW_ADD50', 'SW_DW_DIV_50', 'DW66', 'SW_DW_ADD66', 'SW_DW_DIV_66', 'DW75', 'SW_DW_ADD75', 'SW_DW_DIV_75']"
54,6.5385588522880305,3.810722989420737,10.349281864781533,6.7751851081848145,3.849702298641205,10.624887466430664,95.3705823344569,33.679101451750725,129.049683847735,101.46682929992676,3.849702298641205,105.31653213500977,0.020000000000000004,"['CP', 'DT', 'SUT', 'DW10', 'SW_DW_ADD10', 'SW_DW_DIV_10', 'DW25', 'SW_DW_ADD25', 'SW_DW_DIV_25', 'DW33', 'SW_DW_ADD33', 'SW_DW_DIV_33', 'DW50', 'SW_DW_ADD50', 'SW_DW_DIV_50', 'DW66', 'SW_DW_ADD66', 'SW_DW_DIV_66', 'DW75', 'SW_DW_ADD75', 'SW_DW_DIV_75']"
55,6.558014239034345,3.813503534563126,10.371517796670236,6.791941046714783,3.8253777027130127,10.617318630218506,95.5174314437374,33.70093142601751,129.21836262364542,101.24181938171387,3.8253777027130127,105.06719779968262,0.020000000000000004,"['CP', 'DT', 'SUT', 'DW10', 'SW_DW_ADD10', 'SW_DW_DIV_10', 'DW25', 'SW_DW_ADD25', 'SW_DW_DIV_25', 'DW33', 'SW_DW_ADD33', 'SW_DW_DIV_33', 'DW50', 'SW_DW_ADD50', 'SW_DW_DIV_50', 'DW66', 'SW_DW_ADD66', 'SW_DW_DIV_66', 'DW75', 'SW_DW_ADD75', 'SW_DW_DIV_75']"
56,6.54480997208626,3.824959155051939,10.369769065610823,6.888921618461609,3.8340026140213013,10.72292423248291,95.37619067776588,33.543440788022934,128.9196319580078,103.09722518920898,3.8340026140213013,106.93122673034668,0.020000000000000004,"['CP', 'DT', 'SUT', 'DW10', 'SW_DW_ADD10', 'SW_DW_DIV_10', 'DW25', 'SW_DW_ADD25', 'SW_DW_DIV_25', 'DW33', 'SW_DW_ADD33', 'SW_DW_DIV_33', 'DW50', 'SW_DW_ADD50', 'SW_DW_DIV_50', 'DW66', 'SW_DW_ADD66', 'SW_DW_DIV_66', 'DW75', 'SW_DW_ADD75', 'SW_DW_DIV_75']"
57,6.523806218178041,3.7864830955382316,10.310289352170882,6.750159859657288,3.810478627681732,10.560638666152954,95.09019420992944,33.27441227820612,128.36460704188192,99.96157836914062,3.810478627681732,103.77205657958984,0.020000000000000004,"['CP', 'DT', 'SUT', 'DW10', 'SW_DW_ADD10', 'SW_DW_DIV_10', 'DW25', 'SW_DW_ADD25', 'SW_DW_DIV_25', 'DW33', 'SW_DW_ADD33', 'SW_DW_DIV_33', 'DW50', 'SW_DW_ADD50', 'SW_DW_DIV_50', 'DW66', 'SW_DW_ADD66', 'SW_DW_DIV_66', 'DW75', 'SW_DW_ADD75', 'SW_DW_DIV_75']"
58,6.539779847668063,3.7874406845338884,10.32722048605642,6.886914610862732,3.8841769099235535,10.77109146118164,95.95387218844506,33.43720534539992,129.39107784148186,100.97454833984375,3.8841769099235535,104.85872650146484,0.020000000000000004,"['CP', 'DT', 'SUT', 'DW10', 'SW_DW_ADD10', 'SW_DW_DIV_10', 'DW25', 'SW_DW_ADD25', 'SW_DW_DIV_25', 'DW33', 'SW_DW_ADD33', 'SW_DW_DIV_33', 'DW50', 'SW_DW_ADD50', 'SW_DW_DIV_50', 'DW66', 'SW_DW_ADD66', 'SW_DW_DIV_66', 'DW75', 'SW_DW_ADD75', 'SW_DW_DIV_75']"
59,6.538530641986478,3.8047314459277737,10.343262149441626,6.680813550949097,3.7965115308761597,10.477325201034546,95.66417546426096,33.50780284020208,129.17197811988092,97.80754661560059,3.7965115308761597,101.60405921936035,0.020000000000000004,"['CP', 'DT', 'SUT', 'DW10', 'SW_DW_ADD10', 'SW_DW_DIV_10', 'DW25', 'SW_DW_ADD25', 'SW_DW_DIV_25', 'DW33', 'SW_DW_ADD33', 'SW_DW_DIV_33', 'DW50', 'SW_DW_ADD50', 'SW_DW_DIV_50', 'DW66', 'SW_DW_ADD66', 'SW_DW_DIV_66', 'DW75', 'SW_DW_ADD75', 'SW_DW_DIV_75']"
60,6.4990308207850305,3.7703502562738236,10.269381092440698,6.892829537391663,3.8510579466819763,10.743887424468994,94.88432213567918,33.07287493059712,127.95719737391317,101.60951805114746,3.8510579466819763,105.46057510375977,0.020000000000000004,"['CP', 'DT', 'SUT', 'DW10', 'SW_DW_ADD10', 'SW_DW_DIV_10', 'DW25', 'SW_DW_ADD25', 'SW_DW_DIV_25', 'DW33', 'SW_DW_ADD33', 'SW_DW_DIV_33', 'DW50', 'SW_DW_ADD50', 'SW_DW_DIV_50', 'DW66', 'SW_DW_ADD66', 'SW_DW_DIV_66', 'DW75', 'SW_DW_ADD75', 'SW_DW_DIV_75']"
61,6.512005836732926,3.7789256880360265,10.290931547841717,6.7431076765060425,3.839601457118988,10.582709074020386,95.50813908730784,33.23439093559019,128.7425300844254,99.28596496582031,3.839601457118988,103.12556457519531,0.020000000000000004,"['CP', 'DT', 'SUT', 'DW10', 'SW_DW_ADD10', 'SW_DW_DIV_10', 'DW25', 'SW_DW_ADD25', 'SW_DW_DIV_25', 'DW33', 'SW_DW_ADD33', 'SW_DW_DIV_33', 'DW50', 'SW_DW_ADD50', 'SW_DW_DIV_50', 'DW66', 'SW_DW_ADD66', 'SW_DW_DIV_66', 'DW75', 'SW_DW_ADD75', 'SW_DW_DIV_75']"
62,6.509873913180444,3.7821909073860414,10.292064789802797,6.751858949661255,3.784610867500305,10.53646969795227,95.55133819580078,33.15888023376465,128.71021762970955,98.77249145507812,3.784610867500305,102.55710220336914,0.020000000000000004,"['CP', 'DT', 'SUT', 'DW10', 'SW_DW_ADD10', 'SW_DW_DIV_10', 'DW25', 'SW_DW_ADD25', 'SW_DW_DIV_25', 'DW33', 'SW_DW_ADD33', 'SW_DW_DIV_33', 'DW50', 'SW_DW_ADD50', 'SW_DW_DIV_50', 'DW66', 'SW_DW_ADD66', 'SW_DW_DIV_66', 'DW75', 'SW_DW_ADD75', 'SW_DW_DIV_75']"
63,6.496758122597972,3.7670288547392814,10.263786992719096,6.727824091911316,3.786035716533661,10.513859987258911,94.96252466017201,33.113227044382405,128.07575176608177,98.56123733520508,3.786035716533661,102.3472728729248,0.020000000000000004,"['CP', 'DT', 'SUT', 'DW10', 'SW_DW_ADD10', 'SW_DW_DIV_10', 'DW25', 'SW_DW_ADD25', 'SW_DW_DIV_25', 'DW33', 'SW_DW_ADD33', 'SW_DW_DIV_33', 'DW50', 'SW_DW_ADD50', 'SW_DW_DIV_50', 'DW66', 'SW_DW_ADD66', 'SW_DW_DIV_66', 'DW75', 'SW_DW_ADD75', 'SW_DW_DIV_75']"
64,6.520448423201038,3.7802794748736965,10.300727844238281,6.798535108566284,3.8048790097236633,10.603414297103882,95.33867497597971,33.06845978767641,128.40713427143712,99.64235496520996,3.8048790097236633,103.44723320007324,0.020000000000000004,"['CP', 'DT', 'SUT', 'DW10', 'SW_DW_ADD10', 'SW_DW_DIV_10', 'DW25', 'SW_DW_ADD25', 'SW_DW_DIV_25', 'DW33', 'SW_DW_ADD33', 'SW_DW_DIV_33', 'DW50', 'SW_DW_ADD50', 'SW_DW_DIV_50', 'DW66', 'SW_DW_ADD66', 'SW_DW_DIV_66', 'DW75', 'SW_DW_ADD75', 'SW_DW_DIV_75']"
65,6.511881459143854,3.7665450726785967,10.278426385694935,6.776983380317688,3.7891082167625427,10.566091775894165,94.69762839040449,33.015780848841516,127.71340843939012,101.13314056396484,3.7891082167625427,104.92225074768066,0.020000000000000004,"['CP', 'DT', 'SUT', 'DW10', 'SW_DW_ADD10', 'SW_DW_DIV_10', 'DW25', 'SW_DW_ADD25', 'SW_DW_DIV_25', 'DW33', 'SW_DW_ADD33', 'SW_DW_DIV_33', 'DW50', 'SW_DW_ADD50', 'SW_DW_DIV_50', 'DW66', 'SW_DW_ADD66', 'SW_DW_DIV_66', 'DW75', 'SW_DW_ADD75', 'SW_DW_DIV_75']"
66,6.527888436471263,3.775106768454275,10.302995189543694,6.691636323928833,3.791320502758026,10.482956647872925,95.23251318162487,33.20704435533093,128.43955845986642,98.04505920410156,3.791320502758026,101.83638000488281,0.020000000000000004,"['CP', 'DT', 'SUT', 'DW10', 'SW_DW_ADD10', 'SW_DW_DIV_10', 'DW25', 'SW_DW_ADD25', 'SW_DW_DIV_25', 'DW33', 'SW_DW_ADD33', 'SW_DW_DIV_33', 'DW50', 'SW_DW_ADD50', 'SW_DW_DIV_50', 'DW66', 'SW_DW_ADD66', 'SW_DW_DIV_66', 'DW75', 'SW_DW_ADD75', 'SW_DW_DIV_75']"
67,6.521952521416448,3.7912059445534982,10.313158496733635,6.77001416683197,3.775476396083832,10.545490980148315,95.61020783455142,33.10332082932995,128.7135287869361,100.35749244689941,3.775476396083832,104.13296890258789,0.020000000000000004,"['CP', 'DT', 'SUT', 'DW10', 'SW_DW_ADD10', 'SW_DW_DIV_10', 'DW25', 'SW_DW_ADD25', 'SW_DW_DIV_25', 'DW33', 'SW_DW_ADD33', 'SW_DW_DIV_33', 'DW50', 'SW_DW_ADD50', 'SW_DW_DIV_50', 'DW66', 'SW_DW_ADD66', 'SW_DW_DIV_66', 'DW75', 'SW_DW_ADD75', 'SW_DW_DIV_75']"
68,6.459077588973507,3.7801656184657926,10.23924329203944,6.694309711456299,3.8050620555877686,10.499371528625488,93.6421383273217,33.00673269456433,126.64887188326928,98.89359664916992,3.8050620555877686,102.69865989685059,0.020000000000000004,"['CP', 'DT', 'SUT', 'DW10', 'SW_DW_ADD10', 'SW_DW_DIV_10', 'DW25', 'SW_DW_ADD25', 'SW_DW_DIV_25', 'DW33', 'SW_DW_ADD33', 'SW_DW_DIV_33', 'DW50', 'SW_DW_ADD50', 'SW_DW_DIV_50', 'DW66', 'SW_DW_ADD66', 'SW_DW_DIV_66', 'DW75', 'SW_DW_ADD75', 'SW_DW_DIV_75']"
69,6.509885295744865,3.761768810210689,10.271654067500945,6.724138259887695,3.81546550989151,10.53960394859314,95.30108642578125,32.77745966757497,128.07854510891823,98.37984085083008,3.81546550989151,102.1953067779541,0.020000000000000004,"['CP', 'DT', 'SUT', 'DW10', 'SW_DW_ADD10', 'SW_DW_DIV_10', 'DW25', 'SW_DW_ADD25', 'SW_DW_DIV_25', 'DW33', 'SW_DW_ADD33', 'SW_DW_DIV_33', 'DW50', 'SW_DW_ADD50', 'SW_DW_DIV_50', 'DW66', 'SW_DW_ADD66', 'SW_DW_DIV_66', 'DW75', 'SW_DW_ADD75', 'SW_DW_DIV_75']"
70,6.49085380185035,3.749705991437358,10.240559793287709,6.741871356964111,3.780462622642517,10.522333860397339,94.2459985056231,32.886308670043945,127.13230699108493,100.03471374511719,3.780462622642517,103.8151741027832,0.004000000000000001,"['CP', 'DT', 'SUT', 'DW10', 'SW_DW_ADD10', 'SW_DW_DIV_10', 'DW25', 'SW_DW_ADD25', 'SW_DW_DIV_25', 'DW33', 'SW_DW_ADD33', 'SW_DW_DIV_33', 'DW50', 'SW_DW_ADD50', 'SW_DW_DIV_50', 'DW66', 'SW_DW_ADD66', 'SW_DW_DIV_66', 'DW75', 'SW_DW_ADD75', 'SW_DW_DIV_75']"
71,6.393343002565445,3.7152602595667683,10.108603323659588,6.639487266540527,3.759684681892395,10.399172067642212,92.66053255142704,32.537069874425086,125.19760230279738,96.79234313964844,3.759684681892395,100.55202865600586,0.004000000000000001,"['CP', 'DT', 'SUT', 'DW10', 'SW_DW_ADD10', 'SW_DW_DIV_10', 'DW25', 'SW_DW_ADD25', 'SW_DW_DIV_25', 'DW33', 'SW_DW_ADD33', 'SW_DW_DIV_33', 'DW50', 'SW_DW_ADD50', 'SW_DW_DIV_50', 'DW66', 'SW_DW_ADD66', 'SW_DW_DIV_66', 'DW75', 'SW_DW_ADD75', 'SW_DW_DIV_75']"
72,6.350441948060067,3.6981119494284354,10.048553774433751,6.646755218505859,3.774717926979065,10.421473026275635,91.95237067437941,32.28400501128166,124.23637488580519,97.16559600830078,3.774717926979065,100.9403133392334,0.004000000000000001,"['CP', 'DT', 'SUT', 'DW10', 'SW_DW_ADD10', 'SW_DW_DIV_10', 'DW25', 'SW_DW_ADD25', 'SW_DW_DIV_25', 'DW33', 'SW_DW_ADD33', 'SW_DW_DIV_33', 'DW50', 'SW_DW_ADD50', 'SW_DW_DIV_50', 'DW66', 'SW_DW_ADD66', 'SW_DW_DIV_66', 'DW75', 'SW_DW_ADD75', 'SW_DW_DIV_75']"
73,6.340971008423836,3.6869743254876908,10.027945303147838,6.655902981758118,3.7756633162498474,10.4315664768219,91.53318146736392,32.1562136988486,123.68939455093876,96.97004890441895,3.7756633162498474,100.74571228027344,0.004000000000000001,"['CP', 'DT', 'SUT', 'DW10', 'SW_DW_ADD10', 'SW_DW_DIV_10', 'DW25', 'SW_DW_ADD25', 'SW_DW_DIV_25', 'DW33', 'SW_DW_ADD33', 'SW_DW_DIV_33', 'DW50', 'SW_DW_ADD50', 'SW_DW_DIV_50', 'DW66', 'SW_DW_ADD66', 'SW_DW_DIV_66', 'DW75', 'SW_DW_ADD75', 'SW_DW_DIV_75']"
74,6.399888300126599,3.7029126075006302,10.102800923009072,6.604674696922302,3.7495577931404114,10.354232549667358,92.51183639034149,32.331498422930316,124.84333382883379,96.5084285736084,3.7495577931404114,100.25798606872559,0.004000000000000001,"['CP', 'DT', 'SUT', 'DW10', 'SW_DW_ADD10', 'SW_DW_DIV_10', 'DW25', 'SW_DW_ADD25', 'SW_DW_DIV_25', 'DW33', 'SW_DW_ADD33', 'SW_DW_DIV_33', 'DW50', 'SW_DW_ADD50', 'SW_DW_DIV_50', 'DW66', 'SW_DW_ADD66', 'SW_DW_DIV_66', 'DW75', 'SW_DW_ADD75', 'SW_DW_DIV_75']"
75,6.354639868582448,3.6924146606076147,10.047054536880985,6.626223921775818,3.747544050216675,10.373767852783203,91.99930178734564,32.14675872556625,124.14605983611077,97.0560359954834,3.747544050216675,100.80357933044434,0.004000000000000001,"['CP', 'DT', 'SUT', 'DW10', 'SW_DW_ADD10', 'SW_DW_DIV_10', 'DW25', 'SW_DW_ADD25', 'SW_DW_DIV_25', 'DW33', 'SW_DW_ADD33', 'SW_DW_DIV_33', 'DW50', 'SW_DW_ADD50', 'SW_DW_DIV_50', 'DW66', 'SW_DW_ADD66', 'SW_DW_DIV_66', 'DW75', 'SW_DW_ADD75', 'SW_DW_DIV_75']"
76,6.330639146989392,3.6858645331475044,10.016503580154911,6.6289613246917725,3.737270772457123,10.36623215675354,91.38360644925025,32.09959091678743,123.48319711992818,96.75198554992676,3.737270772457123,100.4892578125,0.004000000000000001,"['CP', 'DT', 'SUT', 'DW10', 'SW_DW_ADD10', 'SW_DW_DIV_10', 'DW25', 'SW_DW_ADD25', 'SW_DW_DIV_25', 'DW33', 'SW_DW_ADD33', 'SW_DW_DIV_33', 'DW50', 'SW_DW_ADD50', 'SW_DW_DIV_50', 'DW66', 'SW_DW_ADD66', 'SW_DW_DIV_66', 'DW75', 'SW_DW_ADD75', 'SW_DW_DIV_75']"
77,6.350931905931042,3.692471135047174,10.043402948687154,6.628241539001465,3.7395819425582886,10.367823362350464,91.69676306939894,32.164865985993416,123.86162936302924,96.93988609313965,3.7395819425582886,100.67947006225586,0.004000000000000001,"['CP', 'DT', 'SUT', 'DW10', 'SW_DW_ADD10', 'SW_DW_DIV_10', 'DW25', 'SW_DW_ADD25', 'SW_DW_DIV_25', 'DW33', 'SW_DW_ADD33', 'SW_DW_DIV_33', 'DW50', 'SW_DW_ADD50', 'SW_DW_DIV_50', 'DW66', 'SW_DW_ADD66', 'SW_DW_DIV_66', 'DW75', 'SW_DW_ADD75', 'SW_DW_DIV_75']"
78,6.322539175710371,3.6879595864203667,10.010498785203502,6.630691409111023,3.732211649417877,10.362903118133545,91.56753810759514,32.1596856271067,123.7272235501197,96.89050674438477,3.732211649417877,100.62271881103516,0.004000000000000001,"['CP', 'DT', 'SUT', 'DW10', 'SW_DW_ADD10', 'SW_DW_DIV_10', 'DW25', 'SW_DW_ADD25', 'SW_DW_DIV_25', 'DW33', 'SW_DW_ADD33', 'SW_DW_DIV_33', 'DW50', 'SW_DW_ADD50', 'SW_DW_DIV_50', 'DW66', 'SW_DW_ADD66', 'SW_DW_DIV_66', 'DW75', 'SW_DW_ADD75', 'SW_DW_DIV_75']"
79,6.333632053867463,3.688894679469447,10.022526833318896,6.642521858215332,3.742007613182068,10.38452959060669,91.84332250779674,32.21147623369771,124.05479751094695,97.17296600341797,3.742007613182068,100.91497421264648,0.004000000000000001,"['CP', 'DT', 'SUT', 'DW10', 'SW_DW_ADD10', 'SW_DW_DIV_10', 'DW25', 'SW_DW_ADD25', 'SW_DW_DIV_25', 'DW33', 'SW_DW_ADD33', 'SW_DW_DIV_33', 'DW50', 'SW_DW_ADD50', 'SW_DW_DIV_50', 'DW66', 'SW_DW_ADD66', 'SW_DW_DIV_66', 'DW75', 'SW_DW_ADD75', 'SW_DW_DIV_75']"
80,6.3586446239102274,3.7059971440222954,10.064641737168834,6.637157678604126,3.7471567392349243,10.38431429862976,91.87603784376576,32.139857015302105,124.01589473601311,97.01681137084961,3.7471567392349243,100.76396751403809,0.004000000000000001,"['CP', 'DT', 'SUT', 'DW10', 'SW_DW_ADD10', 'SW_DW_DIV_10', 'DW25', 'SW_DW_ADD25', 'SW_DW_DIV_25', 'DW33', 'SW_DW_ADD33', 'SW_DW_DIV_33', 'DW50', 'SW_DW_ADD50', 'SW_DW_DIV_50', 'DW66', 'SW_DW_ADD66', 'SW_DW_DIV_66', 'DW75', 'SW_DW_ADD75', 'SW_DW_DIV_75']"
81,6.320836774764523,3.686521722424415,10.007358489498015,6.617778897285461,3.7429493069648743,10.360728025436401,91.40190838229272,32.09839254809964,123.50030000748173,96.21842002868652,3.7429493069648743,99.96136856079102,0.004000000000000001,"['CP', 'DT', 'SUT', 'DW10', 'SW_DW_ADD10', 'SW_DW_DIV_10', 'DW25', 'SW_DW_ADD25', 'SW_DW_DIV_25', 'DW33', 'SW_DW_ADD33', 'SW_DW_DIV_33', 'DW50', 'SW_DW_ADD50', 'SW_DW_DIV_50', 'DW66', 'SW_DW_ADD66', 'SW_DW_DIV_66', 'DW75', 'SW_DW_ADD75', 'SW_DW_DIV_75']"
82,6.321229411709693,3.673360393893334,9.994589805603027,6.688261270523071,3.736905097961426,10.425166368484497,91.31686130646736,31.9772824933452,123.29414416897681,98.38181114196777,3.736905097961426,102.11871719360352,0.004000000000000001,"['CP', 'DT', 'SUT', 'DW10', 'SW_DW_ADD10', 'SW_DW_DIV_10', 'DW25', 'SW_DW_ADD25', 'SW_DW_DIV_25', 'DW33', 'SW_DW_ADD33', 'SW_DW_DIV_33', 'DW50', 'SW_DW_ADD50', 'SW_DW_DIV_50', 'DW66', 'SW_DW_ADD66', 'SW_DW_DIV_66', 'DW75', 'SW_DW_ADD75', 'SW_DW_DIV_75']"
83,6.3497416742386354,3.6776515822256766,10.027393125718639,6.616269826889038,3.74617999792099,10.362449884414673,92.3329105992471,32.06482684227728,124.39773682625064,96.44178771972656,3.74617999792099,100.18796730041504,0.004000000000000001,"['CP', 'DT', 'SUT', 'DW10', 'SW_DW_ADD10', 'SW_DW_DIV_10', 'DW25', 'SW_DW_ADD25', 'SW_DW_DIV_25', 'DW33', 'SW_DW_ADD33', 'SW_DW_DIV_33', 'DW50', 'SW_DW_ADD50', 'SW_DW_DIV_50', 'DW66', 'SW_DW_ADD66', 'SW_DW_DIV_66', 'DW75', 'SW_DW_ADD75', 'SW_DW_DIV_75']"
84,6.32908231981339,3.683944517566312,10.013026852761545,6.629889607429504,3.742219924926758,10.372109413146973,91.53493991974861,32.02946447557019,123.5644041492093,96.87634658813477,3.742219924926758,100.61856460571289,0.004000000000000001,"['CP', 'DT', 'SUT', 'DW10', 'SW_DW_ADD10', 'SW_DW_DIV_10', 'DW25', 'SW_DW_ADD25', 'SW_DW_DIV_25', 'DW33', 'SW_DW_ADD33', 'SW_DW_DIV_33', 'DW50', 'SW_DW_ADD50', 'SW_DW_DIV_50', 'DW66', 'SW_DW_ADD66', 'SW_DW_DIV_66', 'DW75', 'SW_DW_ADD75', 'SW_DW_DIV_75']"
85,6.3327470133381505,3.675182165638093,10.007929186667166,6.608810186386108,3.7465009093284607,10.355310678482056,91.76156542378087,32.035499757336034,123.79706425820628,96.39969062805176,3.7465009093284607,100.14619255065918,0.0008000000000000003,"['CP', 'DT', 'SUT', 'DW10', 'SW_DW_ADD10', 'SW_DW_DIV_10', 'DW25', 'SW_DW_ADD25', 'SW_DW_DIV_25', 'DW33', 'SW_DW_ADD33', 'SW_DW_DIV_33', 'DW50', 'SW_DW_ADD50', 'SW_DW_DIV_50', 'DW66', 'SW_DW_ADD66', 'SW_DW_DIV_66', 'DW75', 'SW_DW_ADD75', 'SW_DW_DIV_75']"
86,6.32691038808515,3.676006655539236,10.002917074388073,6.615888237953186,3.734755277633667,10.350643396377563,91.65598666283393,31.948916342950636,123.60490220592868,96.60157585144043,3.734755277633667,100.33633041381836,0.0008000000000000003,"['CP', 'DT', 'SUT', 'DW10', 'SW_DW_ADD10', 'SW_DW_DIV_10', 'DW25', 'SW_DW_ADD25', 'SW_DW_DIV_25', 'DW33', 'SW_DW_ADD33', 'SW_DW_DIV_33', 'DW50', 'SW_DW_ADD50', 'SW_DW_DIV_50', 'DW66', 'SW_DW_ADD66', 'SW_DW_DIV_66', 'DW75', 'SW_DW_ADD75', 'SW_DW_DIV_75']"
87,6.30185979412448,3.6614428181802072,9.963302550777312,6.610131502151489,3.735591769218445,10.345723628997803,91.21182398642263,31.802161185972153,123.01398517239478,96.62068557739258,3.735591769218445,100.35627746582031,0.0008000000000000003,"['CP', 'DT', 'SUT', 'DW10', 'SW_DW_ADD10', 'SW_DW_DIV_10', 'DW25', 'SW_DW_ADD25', 'SW_DW_DIV_25', 'DW33', 'SW_DW_ADD33', 'SW_DW_DIV_33', 'DW50', 'SW_DW_ADD50', 'SW_DW_DIV_50', 'DW66', 'SW_DW_ADD66', 'SW_DW_DIV_66', 'DW75', 'SW_DW_ADD75', 'SW_DW_DIV_75']"
88,6.2800751809150945,3.6577671804735736,9.937842399843278,6.616582036018372,3.7310349345207214,10.347617387771606,90.86532937326739,31.80918995026619,122.67451969269783,96.60571670532227,3.7310349345207214,100.33675193786621,0.0008000000000000003,"['CP', 'DT', 'SUT', 'DW10', 'SW_DW_ADD10', 'SW_DW_DIV_10', 'DW25', 'SW_DW_ADD25', 'SW_DW_DIV_25', 'DW33', 'SW_DW_ADD33', 'SW_DW_DIV_33', 'DW50', 'SW_DW_ADD50', 'SW_DW_DIV_50', 'DW66', 'SW_DW_ADD66', 'SW_DW_DIV_66', 'DW75', 'SW_DW_ADD75', 'SW_DW_DIV_75']"
89,6.313681910114903,3.6759683316753757,9.989650264863045,6.614067435264587,3.7322659492492676,10.346333026885986,91.25844844695061,31.974186866514145,123.23263500582787,96.49771690368652,3.7322659492492676,100.22998428344727,0.0008000000000000003,"['CP', 'DT', 'SUT', 'DW10', 'SW_DW_ADD10', 'SW_DW_DIV_10', 'DW25', 'SW_DW_ADD25', 'SW_DW_DIV_25', 'DW33', 'SW_DW_ADD33', 'SW_DW_DIV_33', 'DW50', 'SW_DW_ADD50', 'SW_DW_DIV_50', 'DW66', 'SW_DW_ADD66', 'SW_DW_DIV_66', 'DW75', 'SW_DW_ADD75', 'SW_DW_DIV_75']"
90,6.303853050354989,3.663421723150438,9.967274727359895,6.599821209907532,3.7325125336647034,10.33233380317688,90.91255089544481,31.85729758970199,122.7698482390373,96.20371437072754,3.7325125336647034,99.93622779846191,0.0008000000000000003,"['CP', 'DT', 'SUT', 'DW10', 'SW_DW_ADD10', 'SW_DW_DIV_10', 'DW25', 'SW_DW_ADD25', 'SW_DW_DIV_25', 'DW33', 'SW_DW_ADD33', 'SW_DW_DIV_33', 'DW50', 'SW_DW_ADD50', 'SW_DW_DIV_50', 'DW66', 'SW_DW_ADD66', 'SW_DW_DIV_66', 'DW75', 'SW_DW_ADD75', 'SW_DW_DIV_75']"
91,6.27420497709705,3.660346600317186,9.934551515886861,6.6243191957473755,3.7309592366218567,10.355278491973877,90.64976846018145,31.831943881127142,122.48171160298008,96.69144248962402,3.7309592366218567,100.42240333557129,0.0008000000000000003,"['CP', 'DT', 'SUT', 'DW10', 'SW_DW_ADD10', 'SW_DW_DIV_10', 'DW25', 'SW_DW_ADD25', 'SW_DW_DIV_25', 'DW33', 'SW_DW_ADD33', 'SW_DW_DIV_33', 'DW50', 'SW_DW_ADD50', 'SW_DW_DIV_50', 'DW66', 'SW_DW_ADD66', 'SW_DW_DIV_66', 'DW75', 'SW_DW_ADD75', 'SW_DW_DIV_75']"
92,6.297295201209284,3.665773037941225,9.963068254532352,6.62587296962738,3.731574594974518,10.357447624206543,91.13739604334677,31.922757671725364,123.06015309979838,96.82235527038574,3.731574594974518,100.55392837524414,0.0008000000000000003,"['CP', 'DT', 'SUT', 'DW10', 'SW_DW_ADD10', 'SW_DW_DIV_10', 'DW25', 'SW_DW_ADD25', 'SW_DW_DIV_25', 'DW33', 'SW_DW_ADD33', 'SW_DW_DIV_33', 'DW50', 'SW_DW_ADD50', 'SW_DW_DIV_50', 'DW66', 'SW_DW_ADD66', 'SW_DW_DIV_66', 'DW75', 'SW_DW_ADD75', 'SW_DW_DIV_75']"
93,6.311851424555624,3.674658013928321,9.986509476938556,6.611503720283508,3.73594868183136,10.347452402114868,91.36075518208165,31.984108586465158,123.34486462993007,96.58539009094238,3.73594868183136,100.32133865356445,0.0008000000000000003,"['CP', 'DT', 'SUT', 'DW10', 'SW_DW_ADD10', 'SW_DW_DIV_10', 'DW25', 'SW_DW_ADD25', 'SW_DW_DIV_25', 'DW33', 'SW_DW_ADD33', 'SW_DW_DIV_33', 'DW50', 'SW_DW_ADD50', 'SW_DW_DIV_50', 'DW66', 'SW_DW_ADD66', 'SW_DW_DIV_66', 'DW75', 'SW_DW_ADD75', 'SW_DW_DIV_75']"
94,6.293614710530927,3.6726657882813485,9.96628047573951,6.617845416069031,3.7306175231933594,10.3484628200531,90.7240482453377,31.90722865443076,122.6312772689327,96.64680862426758,3.7306175231933594,100.3774242401123,0.0008000000000000003,"['CP', 'DT', 'SUT', 'DW10', 'SW_DW_ADD10', 'SW_DW_DIV_10', 'DW25', 'SW_DW_ADD25', 'SW_DW_DIV_25', 'DW33', 'SW_DW_ADD33', 'SW_DW_DIV_33', 'DW50', 'SW_DW_ADD50', 'SW_DW_DIV_50', 'DW66', 'SW_DW_ADD66', 'SW_DW_DIV_66', 'DW75', 'SW_DW_ADD75', 'SW_DW_DIV_75']"
95,6.295285271060083,3.6708134912675425,9.966098754636702,6.611706018447876,3.7324163913726807,10.344122409820557,91.10778636317099,32.000446934853834,123.10823329802483,96.55310821533203,3.7324163913726807,100.28552436828613,0.0008000000000000003,"['CP', 'DT', 'SUT', 'DW10', 'SW_DW_ADD10', 'SW_DW_DIV_10', 'DW25', 'SW_DW_ADD25', 'SW_DW_DIV_25', 'DW33', 'SW_DW_ADD33', 'SW_DW_DIV_33', 'DW50', 'SW_DW_ADD50', 'SW_DW_DIV_50', 'DW66', 'SW_DW_ADD66', 'SW_DW_DIV_66', 'DW75', 'SW_DW_ADD75', 'SW_DW_DIV_75']"
96,6.297650075727893,3.6550936929641233,9.952743776382938,6.608995795249939,3.7285297513008118,10.337525367736816,90.82131638065461,31.782692140148534,122.60400833622101,96.52180862426758,3.7285297513008118,100.25033760070801,0.0008000000000000003,"['CP', 'DT', 'SUT', 'DW10', 'SW_DW_ADD10', 'SW_DW_DIV_10', 'DW25', 'SW_DW_ADD25', 'SW_DW_DIV_25', 'DW33', 'SW_DW_ADD33', 'SW_DW_DIV_33', 'DW50', 'SW_DW_ADD50', 'SW_DW_DIV_50', 'DW66', 'SW_DW_ADD66', 'SW_DW_DIV_66', 'DW75', 'SW_DW_ADD75', 'SW_DW_DIV_75']"
97,6.289097939768145,3.655805303204444,9.944903281427198,6.612444639205933,3.7285766005516052,10.341021299362183,90.66792248141381,31.749461881576046,122.41738350160661,96.42692565917969,3.7285766005516052,100.15550231933594,0.0008000000000000003,"['CP', 'DT', 'SUT', 'DW10', 'SW_DW_ADD10', 'SW_DW_DIV_10', 'DW25', 'SW_DW_ADD25', 'SW_DW_DIV_25', 'DW33', 'SW_DW_ADD33', 'SW_DW_DIV_33', 'DW50', 'SW_DW_ADD50', 'SW_DW_DIV_50', 'DW66', 'SW_DW_ADD66', 'SW_DW_DIV_66', 'DW75', 'SW_DW_ADD75', 'SW_DW_DIV_75']"
98,6.30253791809082,3.666556073773292,9.969094061082409,6.625438570976257,3.734035611152649,10.359473943710327,91.00862293858683,31.965183996385143,122.97380631969821,96.75909805297852,3.734035611152649,100.49313545227051,0.0008000000000000003,"['CP', 'DT', 'SUT', 'DW10', 'SW_DW_ADD10', 'SW_DW_DIV_10', 'DW25', 'SW_DW_ADD25', 'SW_DW_DIV_25', 'DW33', 'SW_DW_ADD33', 'SW_DW_DIV_33', 'DW50', 'SW_DW_ADD50', 'SW_DW_DIV_50', 'DW66', 'SW_DW_ADD66', 'SW_DW_DIV_66', 'DW75', 'SW_DW_ADD75', 'SW_DW_DIV_75']"
99,6.298371253475066,3.6583398849733415,9.956711153830252,6.619682669639587,3.7341925501823425,10.353875160217285,90.88924654068485,31.86785242634435,122.75709829022807,96.75738716125488,3.7341925501823425,100.49157905578613,0.0008000000000000003,"['CP', 'DT', 'SUT', 'DW10', 'SW_DW_ADD10', 'SW_DW_DIV_10', 'DW25', 'SW_DW_ADD25', 'SW_DW_DIV_25', 'DW33', 'SW_DW_ADD33', 'SW_DW_DIV_33', 'DW50', 'SW_DW_ADD50', 'SW_DW_DIV_50', 'DW66', 'SW_DW_ADD66', 'SW_DW_DIV_66', 'DW75', 'SW_DW_ADD75', 'SW_DW_DIV_75']"
100,6.289780524469191,3.6576208606843026,9.947401354389806,6.615818619728088,3.7325320839881897,10.348350763320923,90.70269135505923,31.789790553431356,122.4924811086347,96.43602561950684,3.7325320839881897,100.16855812072754,0.0008000000000000003,"['CP', 'DT', 'SUT', 'DW10', 'SW_DW_ADD10', 'SW_DW_DIV_10', 'DW25', 'SW_DW_ADD25', 'SW_DW_DIV_25', 'DW33', 'SW_DW_ADD33', 'SW_DW_DIV_33', 'DW50', 'SW_DW_ADD50', 'SW_DW_DIV_50', 'DW66', 'SW_DW_ADD66', 'SW_DW_DIV_66', 'DW75', 'SW_DW_ADD75', 'SW_DW_DIV_75']"
101,6.300205399913173,3.6584522801060833,9.958657726164788,6.614822268486023,3.734147548675537,10.34896993637085,91.06906201762538,31.858340909404138,122.92740360383064,96.35091972351074,3.734147548675537,100.08506774902344,0.00016000000000000007,"['CP', 'DT', 'SUT', 'DW10', 'SW_DW_ADD10', 'SW_DW_DIV_10', 'DW25', 'SW_DW_ADD25', 'SW_DW_DIV_25', 'DW33', 'SW_DW_ADD33', 'SW_DW_DIV_33', 'DW50', 'SW_DW_ADD50', 'SW_DW_DIV_50', 'DW66', 'SW_DW_ADD66', 'SW_DW_DIV_66', 'DW75', 'SW_DW_ADD75', 'SW_DW_DIV_75']"
102,6.269558045171922,3.6554064289216073,9.924964443329841,6.618056774139404,3.731315314769745,10.349372148513794,90.52850932459677,31.795027332921183,122.32353678057271,96.5992488861084,3.731315314769745,100.33056259155273,0.00016000000000000007,"['CP', 'DT', 'SUT', 'DW10', 'SW_DW_ADD10', 'SW_DW_DIV_10', 'DW25', 'SW_DW_ADD25', 'SW_DW_DIV_25', 'DW33', 'SW_DW_ADD33', 'SW_DW_DIV_33', 'DW50', 'SW_DW_ADD50', 'SW_DW_DIV_50', 'DW66', 'SW_DW_ADD66', 'SW_DW_DIV_66', 'DW75', 'SW_DW_ADD75', 'SW_DW_DIV_75']"
103,6.272038259813862,3.658707757149973,9.930746047727522,6.617301106452942,3.7322691679000854,10.349570274353027,90.65229280533329,31.757848431987146,122.41014197564894,96.60449409484863,3.7322691679000854,100.33676147460938,0.00016000000000000007,"['CP', 'DT', 'SUT', 'DW10', 'SW_DW_ADD10', 'SW_DW_DIV_10', 'DW25', 'SW_DW_ADD25', 'SW_DW_DIV_25', 'DW33', 'SW_DW_ADD33', 'SW_DW_DIV_33', 'DW50', 'SW_DW_ADD50', 'SW_DW_DIV_50', 'DW66', 'SW_DW_ADD66', 'SW_DW_DIV_66', 'DW75', 'SW_DW_ADD75', 'SW_DW_DIV_75']"
104,6.313315852995841,3.6693696129706597,9.982685427511893,6.621305704116821,3.732078492641449,10.353384256362915,91.1734609296245,31.908502947899603,123.08196332377773,96.50984954833984,3.732078492641449,100.24192810058594,0.00016000000000000007,"['CP', 'DT', 'SUT', 'DW10', 'SW_DW_ADD10', 'SW_DW_DIV_10', 'DW25', 'SW_DW_ADD25', 'SW_DW_DIV_25', 'DW33', 'SW_DW_ADD33', 'SW_DW_DIV_33', 'DW50', 'SW_DW_ADD50', 'SW_DW_DIV_50', 'DW66', 'SW_DW_ADD66', 'SW_DW_DIV_66', 'DW75', 'SW_DW_ADD75', 'SW_DW_DIV_75']"
105,6.276588101540843,3.653844041209067,9.930432165822674,6.617091774940491,3.731790781021118,10.348882675170898,90.65197187854397,31.761779723628873,122.41375240202873,96.53310203552246,3.731790781021118,100.264892578125,0.00016000000000000007,"['CP', 'DT', 'SUT', 'DW10', 'SW_DW_ADD10', 'SW_DW_DIV_10', 'DW25', 'SW_DW_ADD25', 'SW_DW_DIV_25', 'DW33', 'SW_DW_ADD33', 'SW_DW_DIV_33', 'DW50', 'SW_DW_ADD50', 'SW_DW_DIV_50', 'DW66', 'SW_DW_ADD66', 'SW_DW_DIV_66', 'DW75', 'SW_DW_ADD75', 'SW_DW_DIV_75']"
106,6.279020893958307,3.6478549049746607,9.92687585276942,6.6124267578125,3.7362897992134094,10.348716497421265,90.6480464320029,31.752829459405714,122.40087619904548,96.48933982849121,3.7362897992134094,100.22562789916992,0.00016000000000000007,"['CP', 'DT', 'SUT', 'DW10', 'SW_DW_ADD10', 'SW_DW_DIV_10', 'DW25', 'SW_DW_ADD25', 'SW_DW_DIV_25', 'DW33', 'SW_DW_ADD33', 'SW_DW_DIV_33', 'DW50', 'SW_DW_ADD50', 'SW_DW_DIV_50', 'DW66', 'SW_DW_ADD66', 'SW_DW_DIV_66', 'DW75', 'SW_DW_ADD75', 'SW_DW_DIV_75']"
107,6.323027841506466,3.681882642930554,10.004910438291487,6.615841507911682,3.732989251613617,10.348830938339233,91.55923732634514,32.075034418413715,123.63427168323147,96.61697006225586,3.732989251613617,100.3499584197998,0.00016000000000000007,"['CP', 'DT', 'SUT', 'DW10', 'SW_DW_ADD10', 'SW_DW_DIV_10', 'DW25', 'SW_DW_ADD25', 'SW_DW_DIV_25', 'DW33', 'SW_DW_ADD33', 'SW_DW_DIV_33', 'DW50', 'SW_DW_ADD50', 'SW_DW_DIV_50', 'DW66', 'SW_DW_ADD66', 'SW_DW_DIV_66', 'DW75', 'SW_DW_ADD75', 'SW_DW_DIV_75']"
108,6.299539350694226,3.6701092950759397,9.969648607315555,6.617537617683411,3.7339261770248413,10.351463794708252,90.74224287463772,31.88066082616006,122.62290462370842,96.49941825866699,3.7339261770248413,100.23334503173828,0.00016000000000000007,"['CP', 'DT', 'SUT', 'DW10', 'SW_DW_ADD10', 'SW_DW_DIV_10', 'DW25', 'SW_DW_ADD25', 'SW_DW_DIV_25', 'DW33', 'SW_DW_ADD33', 'SW_DW_DIV_33', 'DW50', 'SW_DW_ADD50', 'SW_DW_DIV_50', 'DW66', 'SW_DW_ADD66', 'SW_DW_DIV_66', 'DW75', 'SW_DW_ADD75', 'SW_DW_DIV_75']"
109,6.272686327657392,3.6591255357188563,9.931811886449013,6.612608432769775,3.731041729450226,10.343650341033936,90.53002019082346,31.816659004457534,122.346680179719,96.59417533874512,3.731041729450226,100.3252182006836,0.00016000000000000007,"['CP', 'DT', 'SUT', 'DW10', 'SW_DW_ADD10', 'SW_DW_DIV_10', 'DW25', 'SW_DW_ADD25', 'SW_DW_DIV_25', 'DW33', 'SW_DW_ADD33', 'SW_DW_DIV_33', 'DW50', 'SW_DW_ADD50', 'SW_DW_DIV_50', 'DW66', 'SW_DW_ADD66', 'SW_DW_DIV_66', 'DW75', 'SW_DW_ADD75', 'SW_DW_DIV_75']"
110,6.278059467192619,3.6494701831571517,9.927529704186224,6.611543655395508,3.731766998767853,10.343311071395874,90.62879648516255,31.759649461315526,122.38844570036858,96.47847557067871,3.731766998767853,100.21024322509766,0.00016000000000000007,"['CP', 'DT', 'SUT', 'DW10', 'SW_DW_ADD10', 'SW_DW_DIV_10', 'DW25', 'SW_DW_ADD25', 'SW_DW_DIV_25', 'DW33', 'SW_DW_ADD33', 'SW_DW_DIV_33', 'DW50', 'SW_DW_ADD50', 'SW_DW_DIV_50', 'DW66', 'SW_DW_ADD66', 'SW_DW_DIV_66', 'DW75', 'SW_DW_ADD75', 'SW_DW_DIV_75']"
111,6.292766263408046,3.6598100508413007,9.952576237340127,6.619244694709778,3.7334258556365967,10.352670907974243,91.00969843710622,31.805970591883504,122.81566890593498,96.62621688842773,3.7334258556365967,100.35964012145996,0.00016000000000000007,"['CP', 'DT', 'SUT', 'DW10', 'SW_DW_ADD10', 'SW_DW_DIV_10', 'DW25', 'SW_DW_ADD25', 'SW_DW_DIV_25', 'DW33', 'SW_DW_ADD33', 'SW_DW_DIV_33', 'DW50', 'SW_DW_ADD50', 'SW_DW_DIV_50', 'DW66', 'SW_DW_ADD66', 'SW_DW_DIV_66', 'DW75', 'SW_DW_ADD75', 'SW_DW_DIV_75']"
112,6.315018146268783,3.6632420785965456,9.978260132574267,6.6254929304122925,3.7332358360290527,10.358728885650635,91.18408523067352,31.891172962803996,123.07525757820376,96.74201774597168,3.7332358360290527,100.47525405883789,3.200000000000001e-05,"['CP', 'DT', 'SUT', 'DW10', 'SW_DW_ADD10', 'SW_DW_DIV_10', 'DW25', 'SW_DW_ADD25', 'SW_DW_DIV_25', 'DW33', 'SW_DW_ADD33', 'SW_DW_DIV_33', 'DW50', 'SW_DW_ADD50', 'SW_DW_DIV_50', 'DW66', 'SW_DW_ADD66', 'SW_DW_DIV_66', 'DW75', 'SW_DW_ADD75', 'SW_DW_DIV_75']"
113,6.299330188382056,3.6557480904363815,9.955078309582126,6.616239070892334,3.7355918884277344,10.351831197738647,91.23745702928112,31.82794121773012,123.06539744715536,96.43038749694824,3.7355918884277344,100.16597747802734,3.200000000000001e-05,"['CP', 'DT', 'SUT', 'DW10', 'SW_DW_ADD10', 'SW_DW_DIV_10', 'DW25', 'SW_DW_ADD25', 'SW_DW_DIV_25', 'DW33', 'SW_DW_ADD33', 'SW_DW_DIV_33', 'DW50', 'SW_DW_ADD50', 'SW_DW_DIV_50', 'DW66', 'SW_DW_ADD66', 'SW_DW_DIV_66', 'DW75', 'SW_DW_ADD75', 'SW_DW_DIV_75']"
114,6.281650681649485,3.6619536184495494,9.943604315480878,6.612499713897705,3.7327502369880676,10.345249891281128,90.64822264640561,31.896323850077966,122.54454631190146,96.4638500213623,3.7327502369880676,100.19659805297852,3.200000000000001e-05,"['CP', 'DT', 'SUT', 'DW10', 'SW_DW_ADD10', 'SW_DW_DIV_10', 'DW25', 'SW_DW_ADD25', 'SW_DW_DIV_25', 'DW33', 'SW_DW_ADD33', 'SW_DW_DIV_33', 'DW50', 'SW_DW_ADD50', 'SW_DW_DIV_50', 'DW66', 'SW_DW_ADD66', 'SW_DW_DIV_66', 'DW75', 'SW_DW_ADD75', 'SW_DW_DIV_75']"
115,6.308133494469427,3.6606239349611345,9.968757475576092,6.6078492403030396,3.731778383255005,10.339627504348755,91.05671691894531,31.83952393070344,122.896240726594,96.41040420532227,3.731778383255005,100.14218330383301,3.200000000000001e-05,"['CP', 'DT', 'SUT', 'DW10', 'SW_DW_ADD10', 'SW_DW_DIV_10', 'DW25', 'SW_DW_ADD25', 'SW_DW_DIV_25', 'DW33', 'SW_DW_ADD33', 'SW_DW_DIV_33', 'DW50', 'SW_DW_ADD50', 'SW_DW_DIV_50', 'DW66', 'SW_DW_ADD66', 'SW_DW_DIV_66', 'DW75', 'SW_DW_ADD75', 'SW_DW_DIV_75']"
116,6.287432270665323,3.659013778932633,9.946446111125331,6.613853573799133,3.7309824228286743,10.344835996627808,90.84005884970388,31.86673927307129,122.70679818430254,96.61313247680664,3.7309824228286743,100.34411430358887,3.200000000000001e-05,"['CP', 'DT', 'SUT', 'DW10', 'SW_DW_ADD10', 'SW_DW_DIV_10', 'DW25', 'SW_DW_ADD25', 'SW_DW_DIV_25', 'DW33', 'SW_DW_ADD33', 'SW_DW_DIV_33', 'DW50', 'SW_DW_ADD50', 'SW_DW_DIV_50', 'DW66', 'SW_DW_ADD66', 'SW_DW_DIV_66', 'DW75', 'SW_DW_ADD75', 'SW_DW_DIV_75']"
117,6.302306252141153,3.67044323490512,9.972749494737194,6.624380707740784,3.7328981757164,10.357279062271118,91.11495651737336,31.970397333944998,123.08535422048261,96.7613639831543,3.7328981757164,100.4942626953125,3.200000000000001e-05,"['CP', 'DT', 'SUT', 'DW10', 'SW_DW_ADD10', 'SW_DW_DIV_10', 'DW25', 'SW_DW_ADD25', 'SW_DW_DIV_25', 'DW33', 'SW_DW_ADD33', 'SW_DW_DIV_33', 'DW50', 'SW_DW_ADD50', 'SW_DW_DIV_50', 'DW66', 'SW_DW_ADD66', 'SW_DW_DIV_66', 'DW75', 'SW_DW_ADD75', 'SW_DW_DIV_75']"
118,6.2817947326167936,3.658507531689059,9.940302202778478,6.609311461448669,3.735683798789978,10.344995260238647,90.72517542685232,31.89573109534479,122.62090621456024,96.48132514953613,3.735683798789978,100.21700859069824,3.200000000000001e-05,"['CP', 'DT', 'SUT', 'DW10', 'SW_DW_ADD10', 'SW_DW_DIV_10', 'DW25', 'SW_DW_ADD25', 'SW_DW_DIV_25', 'DW33', 'SW_DW_ADD33', 'SW_DW_DIV_33', 'DW50', 'SW_DW_ADD50', 'SW_DW_DIV_50', 'DW66', 'SW_DW_ADD66', 'SW_DW_DIV_66', 'DW75', 'SW_DW_ADD75', 'SW_DW_DIV_75']"
119,6.299492236106627,3.662876613678471,9.962368842094175,6.618114590644836,3.7322991490364075,10.350413799285889,90.93880019649383,31.850618670063636,122.78941911266696,96.63719177246094,3.7322991490364075,100.36949348449707,3.200000000000001e-05,"['CP', 'DT', 'SUT', 'DW10', 'SW_DW_ADD10', 'SW_DW_DIV_10', 'DW25', 'SW_DW_ADD25', 'SW_DW_DIV_25', 'DW33', 'SW_DW_ADD33', 'SW_DW_DIV_33', 'DW50', 'SW_DW_ADD50', 'SW_DW_DIV_50', 'DW66', 'SW_DW_ADD66', 'SW_DW_DIV_66', 'DW75', 'SW_DW_ADD75', 'SW_DW_DIV_75']"
120,6.294198820667882,3.6686948960827244,9.96289373213245,6.605452299118042,3.7342476844787598,10.33970022201538,90.7559339461788,31.88348296380812,122.63941611013105,96.35005378723145,3.7342476844787598,100.08430290222168,3.200000000000001e-05,"['CP', 'DT', 'SUT', 'DW10', 'SW_DW_ADD10', 'SW_DW_DIV_10', 'DW25', 'SW_DW_ADD25', 'SW_DW_DIV_25', 'DW33', 'SW_DW_ADD33', 'SW_DW_DIV_33', 'DW50', 'SW_DW_ADD50', 'SW_DW_DIV_50', 'DW66', 'SW_DW_ADD66', 'SW_DW_DIV_66', 'DW75', 'SW_DW_ADD75', 'SW_DW_DIV_75']"
121,6.28670746280301,3.65602691711918,9.942734410685878,6.616471767425537,3.731103241443634,10.347574949264526,90.60145544236705,31.773482353456558,122.37493748818675,96.56281280517578,3.731103241443634,100.29391479492188,3.200000000000001e-05,"['CP', 'DT', 'SUT', 'DW10', 'SW_DW_ADD10', 'SW_DW_DIV_10', 'DW25', 'SW_DW_ADD25', 'SW_DW_DIV_25', 'DW33', 'SW_DW_ADD33', 'SW_DW_DIV_33', 'DW50', 'SW_DW_ADD50', 'SW_DW_DIV_50', 'DW66', 'SW_DW_ADD66', 'SW_DW_DIV_66', 'DW75', 'SW_DW_ADD75', 'SW_DW_DIV_75']"
122,6.301447468419229,3.6569092196802937,9.958356734245054,6.618793725967407,3.7341436743736267,10.352937698364258,90.81254405360067,31.78917743313697,122.60172222506615,96.50915336608887,3.7341436743736267,100.24329566955566,3.200000000000001e-05,"['CP', 'DT', 'SUT', 'DW10', 'SW_DW_ADD10', 'SW_DW_DIV_10', 'DW25', 'SW_DW_ADD25', 'SW_DW_DIV_25', 'DW33', 'SW_DW_ADD33', 'SW_DW_DIV_33', 'DW50', 'SW_DW_ADD50', 'SW_DW_DIV_50', 'DW66', 'SW_DW_ADD66', 'SW_DW_DIV_66', 'DW75', 'SW_DW_ADD75', 'SW_DW_DIV_75']"
123,6.257811961635467,3.6580720793816353,9.915884048708024,6.6168437004089355,3.7320021986961365,10.348846197128296,90.41030662290511,31.886845927084646,122.29715236540764,96.58678436279297,3.7320021986961365,100.31878662109375,1e-05,"['CP', 'DT', 'SUT', 'DW10', 'SW_DW_ADD10', 'SW_DW_DIV_10', 'DW25', 'SW_DW_ADD25', 'SW_DW_DIV_25', 'DW33', 'SW_DW_ADD33', 'SW_DW_DIV_33', 'DW50', 'SW_DW_ADD50', 'SW_DW_DIV_50', 'DW66', 'SW_DW_ADD66', 'SW_DW_DIV_66', 'DW75', 'SW_DW_ADD75', 'SW_DW_DIV_75']"
124,6.274325709189138,3.654771674063898,9.929097421707645,6.609804272651672,3.732579827308655,10.342384099960327,90.55478766656691,31.79339445790937,122.34818144767515,96.46347427368164,3.732579827308655,100.19605255126953,1e-05,"['CP', 'DT', 'SUT', 'DW10', 'SW_DW_ADD10', 'SW_DW_DIV_10', 'DW25', 'SW_DW_ADD25', 'SW_DW_DIV_25', 'DW33', 'SW_DW_ADD33', 'SW_DW_DIV_33', 'DW50', 'SW_DW_ADD50', 'SW_DW_DIV_50', 'DW66', 'SW_DW_ADD66', 'SW_DW_DIV_66', 'DW75', 'SW_DW_ADD75', 'SW_DW_DIV_75']"
125,6.257086861518122,3.652616762345837,9.909703623863958,6.613300919532776,3.730063021183014,10.343364238739014,90.04381019838395,31.797992583244078,121.84180327384702,96.55009651184082,3.730063021183014,100.28015899658203,1e-05,"['CP', 'DT', 'SUT', 'DW10', 'SW_DW_ADD10', 'SW_DW_DIV_10', 'DW25', 'SW_DW_ADD25', 'SW_DW_DIV_25', 'DW33', 'SW_DW_ADD33', 'SW_DW_DIV_33', 'DW50', 'SW_DW_ADD50', 'SW_DW_DIV_50', 'DW66', 'SW_DW_ADD66', 'SW_DW_DIV_66', 'DW75', 'SW_DW_ADD75', 'SW_DW_DIV_75']"
126,6.276694313172372,3.6536259728093303,9.930320309054467,6.615298867225647,3.730795383453369,10.346094131469727,90.73083816036102,31.770022607618763,122.50085990659652,96.56781005859375,3.730795383453369,100.29860496520996,1e-05,"['CP', 'DT', 'SUT', 'DW10', 'SW_DW_ADD10', 'SW_DW_DIV_10', 'DW25', 'SW_DW_ADD25', 'SW_DW_DIV_25', 'DW33', 'SW_DW_ADD33', 'SW_DW_DIV_33', 'DW50', 'SW_DW_ADD50', 'SW_DW_DIV_50', 'DW66', 'SW_DW_ADD66', 'SW_DW_DIV_66', 'DW75', 'SW_DW_ADD75', 'SW_DW_DIV_75']"
127,6.2682116108555945,3.6505226012199157,9.918734242839198,6.61007022857666,3.7329732179641724,10.343043327331543,90.6534925891507,31.773758303734564,122.42725052372101,96.32864952087402,3.7329732179641724,100.06162452697754,1e-05,"['CP', 'DT', 'SUT', 'DW10', 'SW_DW_ADD10', 'SW_DW_DIV_10', 'DW25', 'SW_DW_ADD25', 'SW_DW_DIV_25', 'DW33', 'SW_DW_ADD33', 'SW_DW_DIV_33', 'DW50', 'SW_DW_ADD50', 'SW_DW_DIV_50', 'DW66', 'SW_DW_ADD66', 'SW_DW_DIV_66', 'DW75', 'SW_DW_ADD75', 'SW_DW_DIV_75']"
128,6.291627683947163,3.6519413840386177,9.943569121822234,6.614295601844788,3.7347403168678284,10.34903597831726,90.78619089434224,31.77080585110572,122.55699723766696,96.5488338470459,3.7347403168678284,100.2835750579834,1e-05,"['CP', 'DT', 'SUT', 'DW10', 'SW_DW_ADD10', 'SW_DW_DIV_10', 'DW25', 'SW_DW_ADD25', 'SW_DW_DIV_25', 'DW33', 'SW_DW_ADD33', 'SW_DW_DIV_33', 'DW50', 'SW_DW_ADD50', 'SW_DW_DIV_50', 'DW66', 'SW_DW_ADD66', 'SW_DW_DIV_66', 'DW75', 'SW_DW_ADD75', 'SW_DW_DIV_75']"
129,6.286297475138018,3.6536285954137004,9.939926116697249,6.615682363510132,3.7309440970420837,10.346626043319702,90.76119478287235,31.771406296760805,122.53260089505103,96.59347724914551,3.7309440970420837,100.32442092895508,1e-05,"['CP', 'DT', 'SUT', 'DW10', 'SW_DW_ADD10', 'SW_DW_DIV_10', 'DW25', 'SW_DW_ADD25', 'SW_DW_DIV_25', 'DW33', 'SW_DW_ADD33', 'SW_DW_DIV_33', 'DW50', 'SW_DW_ADD50', 'SW_DW_DIV_50', 'DW66', 'SW_DW_ADD66', 'SW_DW_DIV_66', 'DW75', 'SW_DW_ADD75', 'SW_DW_DIV_75']"
130,6.277013994032337,3.6605236299576296,9.937537654753655,6.615856051445007,3.7315673232078552,10.347423315048218,90.71950161841607,31.810428988549017,122.5299315914031,96.5015697479248,3.7315673232078552,100.2331371307373,1e-05,"['CP', 'DT', 'SUT', 'DW10', 'SW_DW_ADD10', 'SW_DW_DIV_10', 'DW25', 'SW_DW_ADD25', 'SW_DW_DIV_25', 'DW33', 'SW_DW_ADD33', 'SW_DW_DIV_33', 'DW50', 'SW_DW_ADD50', 'SW_DW_DIV_50', 'DW66', 'SW_DW_ADD66', 'SW_DW_DIV_66', 'DW75', 'SW_DW_ADD75', 'SW_DW_DIV_75']"
131,6.279453046860233,3.656651727614864,9.936104712947722,6.6158366203308105,3.732769727706909,10.348606586456299,90.62974302230343,31.777454745384954,122.40719752157888,96.45536422729492,3.732769727706909,100.1881332397461,1e-05,"['CP', 'DT', 'SUT', 'DW10', 'SW_DW_ADD10', 'SW_DW_DIV_10', 'DW25', 'SW_DW_ADD25', 'SW_DW_DIV_25', 'DW33', 'SW_DW_ADD33', 'SW_DW_DIV_33', 'DW50', 'SW_DW_ADD50', 'SW_DW_DIV_50', 'DW66', 'SW_DW_ADD66', 'SW_DW_DIV_66', 'DW75', 'SW_DW_ADD75', 'SW_DW_DIV_75']"
132,6.279748916625977,3.656292261615876,9.936041185932774,6.619542360305786,3.73100882768631,10.350551128387451,90.65977797969695,31.866791017593876,122.52656924340033,96.7406005859375,3.73100882768631,100.47161102294922,1e-05,"['CP', 'DT', 'SUT', 'DW10', 'SW_DW_ADD10', 'SW_DW_DIV_10', 'DW25', 'SW_DW_ADD25', 'SW_DW_DIV_25', 'DW33', 'SW_DW_ADD33', 'SW_DW_DIV_33', 'DW50', 'SW_DW_ADD50', 'SW_DW_DIV_50', 'DW66', 'SW_DW_ADD66', 'SW_DW_DIV_66', 'DW75', 'SW_DW_ADD75', 'SW_DW_DIV_75']"
133,6.288721253795009,3.66303595419853,9.95175721568446,6.610751509666443,3.7314650416374207,10.342216730117798,90.85344572990171,31.891937748078377,122.74538347798008,96.47168731689453,3.7314650416374207,100.20315361022949,1e-05,"['CP', 'DT', 'SUT', 'DW10', 'SW_DW_ADD10', 'SW_DW_DIV_10', 'DW25', 'SW_DW_ADD25', 'SW_DW_DIV_25', 'DW33', 'SW_DW_ADD33', 'SW_DW_DIV_33', 'DW50', 'SW_DW_ADD50', 'SW_DW_DIV_50', 'DW66', 'SW_DW_ADD66', 'SW_DW_DIV_66', 'DW75', 'SW_DW_ADD75', 'SW_DW_DIV_75']"
134,6.320584927835772,3.6695454505182084,9.990130362972137,6.612139344215393,3.7322028279304504,10.344342470169067,91.36906039330268,31.98190769072502,123.35096863777407,96.50921440124512,3.7322028279304504,100.24141883850098,1e-05,"['CP', 'DT', 'SUT', 'DW10', 'SW_DW_ADD10', 'SW_DW_DIV_10', 'DW25', 'SW_DW_ADD25', 'SW_DW_DIV_25', 'DW33', 'SW_DW_ADD33', 'SW_DW_DIV_33', 'DW50', 'SW_DW_ADD50', 'SW_DW_DIV_50', 'DW66', 'SW_DW_ADD66', 'SW_DW_DIV_66', 'DW75', 'SW_DW_ADD75', 'SW_DW_DIV_75']"
135,6.280852379337434,3.654961170688752,9.935813473116967,6.615729331970215,3.7330729961395264,10.348802328109741,90.69932039322391,31.816491403887348,122.51581081267327,96.59250450134277,3.7330729961395264,100.32557678222656,1e-05,"['CP', 'DT', 'SUT', 'DW10', 'SW_DW_ADD10', 'SW_DW_DIV_10', 'DW25', 'SW_DW_ADD25', 'SW_DW_DIV_25', 'DW33', 'SW_DW_ADD33', 'SW_DW_DIV_33', 'DW50', 'SW_DW_ADD50', 'SW_DW_DIV_50', 'DW66', 'SW_DW_ADD66', 'SW_DW_DIV_66', 'DW75', 'SW_DW_ADD75', 'SW_DW_DIV_75']"
136,6.292755573026596,3.660742090594384,9.953497486729775,6.618108868598938,3.7308024764060974,10.34891152381897,90.66089605516002,31.87359711431688,122.53449323100429,96.60575485229492,3.7308024764060974,100.3365592956543,1e-05,"['CP', 'DT', 'SUT', 'DW10', 'SW_DW_ADD10', 'SW_DW_DIV_10', 'DW25', 'SW_DW_ADD25', 'SW_DW_DIV_25', 'DW33', 'SW_DW_ADD33', 'SW_DW_DIV_33', 'DW50', 'SW_DW_ADD50', 'SW_DW_DIV_50', 'DW66', 'SW_DW_ADD66', 'SW_DW_DIV_66', 'DW75', 'SW_DW_ADD75', 'SW_DW_DIV_75']"
137,6.2900785169293805,3.6589276175345145,9.949006203682192,6.6254308223724365,3.7331899404525757,10.358620882034302,90.68028456164944,31.794084056731194,122.47436867990801,96.79718589782715,3.7331899404525757,100.53037643432617,1e-05,"['CP', 'DT', 'SUT', 'DW10', 'SW_DW_ADD10', 'SW_DW_DIV_10', 'DW25', 'SW_DW_ADD25', 'SW_DW_DIV_25', 'DW33', 'SW_DW_ADD33', 'SW_DW_DIV_33', 'DW50', 'SW_DW_ADD50', 'SW_DW_DIV_50', 'DW66', 'SW_DW_ADD66', 'SW_DW_DIV_66', 'DW75', 'SW_DW_ADD75', 'SW_DW_DIV_75']"
138,6.271549932418331,3.6498540293785835,9.921403854124007,6.609704494476318,3.731115937232971,10.340820550918579,90.42256066106981,31.74231695359753,122.16487859910534,96.42222785949707,3.731115937232971,100.15334510803223,1e-05,"['CP', 'DT', 'SUT', 'DW10', 'SW_DW_ADD10', 'SW_DW_DIV_10', 'DW25', 'SW_DW_ADD25', 'SW_DW_DIV_25', 'DW33', 'SW_DW_ADD33', 'SW_DW_DIV_33', 'DW50', 'SW_DW_ADD50', 'SW_DW_DIV_50', 'DW66', 'SW_DW_ADD66', 'SW_DW_DIV_66', 'DW75', 'SW_DW_ADD75', 'SW_DW_DIV_75']"
139,6.284740940217049,3.6539849696620816,9.938725871424522,6.615087985992432,3.7298336029052734,10.344921827316284,90.48247897240424,31.784526025095293,122.26700444375315,96.45175361633301,3.7298336029052734,100.18158531188965,1e-05,"['CP', 'DT', 'SUT', 'DW10', 'SW_DW_ADD10', 'SW_DW_DIV_10', 'DW25', 'SW_DW_ADD25', 'SW_DW_DIV_25', 'DW33', 'SW_DW_ADD33', 'SW_DW_DIV_33', 'DW50', 'SW_DW_ADD50', 'SW_DW_DIV_50', 'DW66', 'SW_DW_ADD66', 'SW_DW_DIV_66', 'DW75', 'SW_DW_ADD75', 'SW_DW_DIV_75']"
140,6.308279960386215,3.6642255398534958,9.972505507930633,6.611849069595337,3.7320103645324707,10.343859434127808,90.97838124921245,31.882172430715254,122.86055411061933,96.42409706115723,3.7320103645324707,100.15610694885254,1e-05,"['CP', 'DT', 'SUT', 'DW10', 'SW_DW_ADD10', 'SW_DW_DIV_10', 'DW25', 'SW_DW_ADD25', 'SW_DW_DIV_25', 'DW33', 'SW_DW_ADD33', 'SW_DW_DIV_33', 'DW50', 'SW_DW_ADD50', 'SW_DW_DIV_50', 'DW66', 'SW_DW_ADD66', 'SW_DW_DIV_66', 'DW75', 'SW_DW_ADD75', 'SW_DW_DIV_75']"
141,6.295215760507891,3.654801368713379,9.950017129221271,6.607605338096619,3.73080712556839,10.338412523269653,90.89849533573273,31.78138542175293,122.67987921930128,96.35162544250488,3.73080712556839,100.08243370056152,1e-05,"['CP', 'DT', 'SUT', 'DW10', 'SW_DW_ADD10', 'SW_DW_DIV_10', 'DW25', 'SW_DW_ADD25', 'SW_DW_DIV_25', 'DW33', 'SW_DW_ADD33', 'SW_DW_DIV_33', 'DW50', 'SW_DW_ADD50', 'SW_DW_DIV_50', 'DW66', 'SW_DW_ADD66', 'SW_DW_DIV_66', 'DW75', 'SW_DW_ADD75', 'SW_DW_DIV_75']"
142,6.306245880742227,3.6715914895457606,9.977837347215221,6.615653395652771,3.729531168937683,10.345184326171875,91.07208793394027,31.984464645385742,123.05655301001764,96.46959114074707,3.729531168937683,100.19912147521973,1e-05,"['CP', 'DT', 'SUT', 'DW10', 'SW_DW_ADD10', 'SW_DW_DIV_10', 'DW25', 'SW_DW_ADD25', 'SW_DW_DIV_25', 'DW33', 'SW_DW_ADD33', 'SW_DW_DIV_33', 'DW50', 'SW_DW_ADD50', 'SW_DW_DIV_50', 'DW66', 'SW_DW_ADD66', 'SW_DW_DIV_66', 'DW75', 'SW_DW_ADD75', 'SW_DW_DIV_75']"
143,6.2885952303486485,3.6557906366163686,9.944385928492393,6.623467683792114,3.7318124771118164,10.35528016090393,90.81754499866116,31.796641319028794,122.6141864407447,96.61390686035156,3.7318124771118164,100.34571838378906,1e-05,"['CP', 'DT', 'SUT', 'DW10', 'SW_DW_ADD10', 'SW_DW_DIV_10', 'DW25', 'SW_DW_ADD25', 'SW_DW_DIV_25', 'DW33', 'SW_DW_ADD33', 'SW_DW_DIV_33', 'DW50', 'SW_DW_ADD50', 'SW_DW_DIV_50', 'DW66', 'SW_DW_ADD66', 'SW_DW_DIV_66', 'DW75', 'SW_DW_ADD75', 'SW_DW_DIV_75']"
144,6.294458743064634,3.6704657462335404,9.964924566207394,6.606318712234497,3.7299030423164368,10.33622145652771,91.0004178939327,31.917316867459206,122.91773519208354,96.25897407531738,3.7299030423164368,99.98887825012207,1e-05,"['CP', 'DT', 'SUT', 'DW10', 'SW_DW_ADD10', 'SW_DW_DIV_10', 'DW25', 'SW_DW_ADD25', 'SW_DW_DIV_25', 'DW33', 'SW_DW_ADD33', 'SW_DW_DIV_33', 'DW50', 'SW_DW_ADD50', 'SW_DW_DIV_50', 'DW66', 'SW_DW_ADD66', 'SW_DW_DIV_66', 'DW75', 'SW_DW_ADD75', 'SW_DW_DIV_75']"
145,6.308760935260404,3.668065048033191,9.976825929457142,6.61015772819519,3.7311482429504395,10.341306209564209,91.2010488202495,31.875881133540982,123.07693038448211,96.44486618041992,3.7311482429504395,100.1760139465332,1e-05,"['CP', 'DT', 'SUT', 'DW10', 'SW_DW_ADD10', 'SW_DW_DIV_10', 'DW25', 'SW_DW_ADD25', 'SW_DW_DIV_25', 'DW33', 'SW_DW_ADD33', 'SW_DW_DIV_33', 'DW50', 'SW_DW_ADD50', 'SW_DW_DIV_50', 'DW66', 'SW_DW_ADD66', 'SW_DW_DIV_66', 'DW75', 'SW_DW_ADD75', 'SW_DW_DIV_75']"
146,6.289919145645634,3.655820362029537,9.945739530747936,6.6187156438827515,3.731495201587677,10.350210905075073,90.64259338378906,31.83583757954259,122.47842997889364,96.54740142822266,3.731495201587677,100.27889633178711,1e-05,"['CP', 'DT', 'SUT', 'DW10', 'SW_DW_ADD10', 'SW_DW_DIV_10', 'DW25', 'SW_DW_ADD25', 'SW_DW_DIV_25', 'DW33', 'SW_DW_ADD33', 'SW_DW_DIV_33', 'DW50', 'SW_DW_ADD50', 'SW_DW_DIV_50', 'DW66', 'SW_DW_ADD66', 'SW_DW_DIV_66', 'DW75', 'SW_DW_ADD75', 'SW_DW_DIV_75']"
147,6.282984333653604,3.6628269457047984,9.945811302431169,6.61120879650116,3.7308676838874817,10.342076301574707,90.57153935586253,31.819345166606286,122.39088464552357,96.35371017456055,3.7308676838874817,100.08457565307617,1e-05,"['CP', 'DT', 'SUT', 'DW10', 'SW_DW_ADD10', 'SW_DW_DIV_10', 'DW25', 'SW_DW_ADD25', 'SW_DW_DIV_25', 'DW33', 'SW_DW_ADD33', 'SW_DW_DIV_33', 'DW50', 'SW_DW_ADD50', 'SW_DW_DIV_50', 'DW66', 'SW_DW_ADD66', 'SW_DW_DIV_66', 'DW75', 'SW_DW_ADD75', 'SW_DW_DIV_75']"
148,6.274237171296151,3.653301469741329,9.927538687183011,6.630741238594055,3.7322561740875244,10.36299753189087,90.68551020468435,31.759685208720544,122.44519584409652,96.80108833312988,3.7322561740875244,100.53334426879883,1e-05,"['CP', 'DT', 'SUT', 'DW10', 'SW_DW_ADD10', 'SW_DW_DIV_10', 'DW25', 'SW_DW_ADD25', 'SW_DW_DIV_25', 'DW33', 'SW_DW_ADD33', 'SW_DW_DIV_33', 'DW50', 'SW_DW_ADD50', 'SW_DW_DIV_50', 'DW66', 'SW_DW_ADD66', 'SW_DW_DIV_66', 'DW75', 'SW_DW_ADD75', 'SW_DW_DIV_75']"
149,6.308722895960654,3.671278130623602,9.980001111184396,6.620137691497803,3.7327229976654053,10.352860927581787,91.17917903777092,31.948123070501513,123.12730210827243,96.5672721862793,3.7327229976654053,100.29999542236328,1e-05,"['CP', 'DT', 'SUT', 'DW10', 'SW_DW_ADD10', 'SW_DW_DIV_10', 'DW25', 'SW_DW_ADD25', 'SW_DW_DIV_25', 'DW33', 'SW_DW_ADD33', 'SW_DW_DIV_33', 'DW50', 'SW_DW_ADD50', 'SW_DW_DIV_50', 'DW66', 'SW_DW_ADD66', 'SW_DW_DIV_66', 'DW75', 'SW_DW_ADD75', 'SW_DW_DIV_75']"
150,6.292961012932562,3.660513170303837,9.95347422938193,6.62650465965271,3.732502520084381,10.359007358551025,90.818603515625,31.781987774756647,122.60059110579952,96.79578399658203,3.732502520084381,100.52828598022461,1e-05,"['CP', 'DT', 'SUT', 'DW10', 'SW_DW_ADD10', 'SW_DW_DIV_10', 'DW25', 'SW_DW_ADD25', 'SW_DW_DIV_25', 'DW33', 'SW_DW_ADD33', 'SW_DW_DIV_33', 'DW50', 'SW_DW_ADD50', 'SW_DW_DIV_50', 'DW66', 'SW_DW_ADD66', 'SW_DW_DIV_66', 'DW75', 'SW_DW_ADD75', 'SW_DW_DIV_75']"
151,6.308154982905234,3.662930650095786,9.971085640691943,6.607386827468872,3.7323086857795715,10.339695453643799,91.09343621038622,31.8875180521319,122.98095407793599,96.43637657165527,3.7323086857795715,100.1686840057373,1e-05,"['CP', 'DT', 'SUT', 'DW10', 'SW_DW_ADD10', 'SW_DW_DIV_10', 'DW25', 'SW_DW_ADD25', 'SW_DW_DIV_25', 'DW33', 'SW_DW_ADD33', 'SW_DW_DIV_33', 'DW50', 'SW_DW_ADD50', 'SW_DW_DIV_50', 'DW66', 'SW_DW_ADD66', 'SW_DW_DIV_66', 'DW75', 'SW_DW_ADD75', 'SW_DW_DIV_75']"
152,6.290852669746645,3.6703731244610203,9.961225786516744,6.629238843917847,3.7328171730041504,10.362056016921997,90.71563499204574,31.887771852554813,122.60340684460056,96.79254531860352,3.7328171730041504,100.52536201477051,1e-05,"['CP', 'DT', 'SUT', 'DW10', 'SW_DW_ADD10', 'SW_DW_DIV_10', 'DW25', 'SW_DW_ADD25', 'SW_DW_DIV_25', 'DW33', 'SW_DW_ADD33', 'SW_DW_DIV_33', 'DW50', 'SW_DW_ADD50', 'SW_DW_DIV_50', 'DW66', 'SW_DW_ADD66', 'SW_DW_DIV_66', 'DW75', 'SW_DW_ADD75', 'SW_DW_DIV_75']"
153,6.291634067412345,3.6632080385761876,9.954842136752221,6.61448073387146,3.7343785166740417,10.348859071731567,90.7754656883978,31.86024247446368,122.63570773216986,96.60463523864746,3.7343785166740417,100.33901405334473,1e-05,"['CP', 'DT', 'SUT', 'DW10', 'SW_DW_ADD10', 'SW_DW_DIV_10', 'DW25', 'SW_DW_ADD25', 'SW_DW_DIV_25', 'DW33', 'SW_DW_ADD33', 'SW_DW_DIV_33', 'DW50', 'SW_DW_ADD50', 'SW_DW_DIV_50', 'DW66', 'SW_DW_ADD66', 'SW_DW_DIV_66', 'DW75', 'SW_DW_ADD75', 'SW_DW_DIV_75']"
154,6.277271870643862,3.652350979466592,9.929622865492298,6.610758900642395,3.730622112751007,10.341381072998047,90.65442583637852,31.753550314134166,122.40797670425907,96.41439056396484,3.730622112751007,100.14501190185547,1e-05,"['CP', 'DT', 'SUT', 'DW10', 'SW_DW_ADD10', 'SW_DW_DIV_10', 'DW25', 'SW_DW_ADD25', 'SW_DW_DIV_25', 'DW33', 'SW_DW_ADD33', 'SW_DW_DIV_33', 'DW50', 'SW_DW_ADD50', 'SW_DW_DIV_50', 'DW66', 'SW_DW_ADD66', 'SW_DW_DIV_66', 'DW75', 'SW_DW_ADD75', 'SW_DW_DIV_75']"
155,6.289253496354626,3.665938538889731,9.955191919880528,6.608814358711243,3.7308329343795776,10.33964729309082,90.89070769279233,31.910834958476404,122.80154295890561,96.47716522216797,3.7308329343795776,100.2079963684082,1e-05,"['CP', 'DT', 'SUT', 'DW10', 'SW_DW_ADD10', 'SW_DW_DIV_10', 'DW25', 'SW_DW_ADD25', 'SW_DW_DIV_25', 'DW33', 'SW_DW_ADD33', 'SW_DW_DIV_33', 'DW50', 'SW_DW_ADD50', 'SW_DW_DIV_50', 'DW66', 'SW_DW_ADD66', 'SW_DW_DIV_66', 'DW75', 'SW_DW_ADD75', 'SW_DW_DIV_75']"
156,6.290296293074085,3.653461863917689,9.943758133919008,6.622161507606506,3.731571912765503,10.35373330116272,90.91195850987589,31.771370549355783,122.68332942839592,96.63118553161621,3.731571912765503,100.36275672912598,1e-05,"['CP', 'DT', 'SUT', 'DW10', 'SW_DW_ADD10', 'SW_DW_DIV_10', 'DW25', 'SW_DW_ADD25', 'SW_DW_DIV_25', 'DW33', 'SW_DW_ADD33', 'SW_DW_DIV_33', 'DW50', 'SW_DW_ADD50', 'SW_DW_DIV_50', 'DW66', 'SW_DW_ADD66', 'SW_DW_DIV_66', 'DW75', 'SW_DW_ADD75', 'SW_DW_DIV_75']"
157,6.275647840192241,3.6569059587294057,9.932553752776116,6.615623116493225,3.7294519543647766,10.345074892044067,90.65630832795173,31.79227004512664,122.44857837307838,96.60663795471191,3.7294519543647766,100.33609008789062,1e-05,"['CP', 'DT', 'SUT', 'DW10', 'SW_DW_ADD10', 'SW_DW_DIV_10', 'DW25', 'SW_DW_ADD25', 'SW_DW_DIV_25', 'DW33', 'SW_DW_ADD33', 'SW_DW_DIV_33', 'DW50', 'SW_DW_ADD50', 'SW_DW_DIV_50', 'DW66', 'SW_DW_ADD66', 'SW_DW_DIV_66', 'DW75', 'SW_DW_ADD75', 'SW_DW_DIV_75']"
158,6.296063100138018,3.662882497233729,9.958945581989903,6.609964728355408,3.7313660383224487,10.341331005096436,91.07426920244771,31.896258815642327,122.97052789503529,96.3731575012207,3.7313660383224487,100.10452270507812,1e-05,"['CP', 'DT', 'SUT', 'DW10', 'SW_DW_ADD10', 'SW_DW_DIV_10', 'DW25', 'SW_DW_ADD25', 'SW_DW_DIV_25', 'DW33', 'SW_DW_ADD33', 'SW_DW_DIV_33', 'DW50', 'SW_DW_ADD50', 'SW_DW_DIV_50', 'DW66', 'SW_DW_ADD66', 'SW_DW_DIV_66', 'DW75', 'SW_DW_ADD75', 'SW_DW_DIV_75']"
159,6.3148895694363505,3.669182200585642,9.984071700803694,6.6172531843185425,3.7307762503623962,10.348029613494873,91.3354263305664,31.832800649827526,123.16822667275706,96.66177558898926,3.7307762503623962,100.39255142211914,1e-05,"['CP', 'DT', 'SUT', 'DW10', 'SW_DW_ADD10', 'SW_DW_DIV_10', 'DW25', 'SW_DW_ADD25', 'SW_DW_DIV_25', 'DW33', 'SW_DW_ADD33', 'SW_DW_DIV_33', 'DW50', 'SW_DW_ADD50', 'SW_DW_DIV_50', 'DW66', 'SW_DW_ADD66', 'SW_DW_DIV_66', 'DW75', 'SW_DW_ADD75', 'SW_DW_DIV_75']"
160,6.293080914405085,3.6594487005664456,9.952529661117062,6.603616952896118,3.732117533683777,10.335734367370605,90.9466801304971,31.833479296776556,122.78015924269154,96.37404823303223,3.732117533683777,100.10616683959961,1e-05,"['CP', 'DT', 'SUT', 'DW10', 'SW_DW_ADD10', 'SW_DW_DIV_10', 'DW25', 'SW_DW_ADD25', 'SW_DW_DIV_25', 'DW33', 'SW_DW_ADD33', 'SW_DW_DIV_33', 'DW50', 'SW_DW_ADD50', 'SW_DW_DIV_50', 'DW66', 'SW_DW_ADD66', 'SW_DW_DIV_66', 'DW75', 'SW_DW_ADD75', 'SW_DW_DIV_75']"
161,6.26289169249996,3.65202756081858,9.914919207173009,6.611010909080505,3.7316375374794006,10.34264850616455,90.38103460496471,31.781217513545865,122.16225310294858,96.50859832763672,3.7316375374794006,100.240234375,1e-05,"['CP', 'DT', 'SUT', 'DW10', 'SW_DW_ADD10', 'SW_DW_DIV_10', 'DW25', 'SW_DW_ADD25', 'SW_DW_DIV_25', 'DW33', 'SW_DW_ADD33', 'SW_DW_DIV_33', 'DW50', 'SW_DW_ADD50', 'SW_DW_DIV_50', 'DW66', 'SW_DW_ADD66', 'SW_DW_DIV_66', 'DW75', 'SW_DW_ADD75', 'SW_DW_DIV_75']"
162,6.314302044530069,3.659867248227519,9.974169238921135,6.6161967515945435,3.7335000038146973,10.349696636199951,91.15841379473287,31.801171702723348,122.95958488218245,96.61640167236328,3.7335000038146973,100.34990119934082,1e-05,"['CP', 'DT', 'SUT', 'DW10', 'SW_DW_ADD10', 'SW_DW_DIV_10', 'DW25', 'SW_DW_ADD25', 'SW_DW_DIV_25', 'DW33', 'SW_DW_ADD33', 'SW_DW_DIV_33', 'DW50', 'SW_DW_ADD50', 'SW_DW_DIV_50', 'DW66', 'SW_DW_ADD66', 'SW_DW_DIV_66', 'DW75', 'SW_DW_ADD75', 'SW_DW_DIV_75']"
163,6.284357963069793,3.672809754648516,9.957167656190935,6.606117248535156,3.732852518558502,10.338969945907593,90.792237312563,31.94847205377394,122.74070887411794,96.28199768066406,3.732852518558502,100.01484870910645,1e-05,"['CP', 'DT', 'SUT', 'DW10', 'SW_DW_ADD10', 'SW_DW_DIV_10', 'DW25', 'SW_DW_ADD25', 'SW_DW_DIV_25', 'DW33', 'SW_DW_ADD33', 'SW_DW_DIV_33', 'DW50', 'SW_DW_ADD50', 'SW_DW_DIV_50', 'DW66', 'SW_DW_ADD66', 'SW_DW_DIV_66', 'DW75', 'SW_DW_ADD75', 'SW_DW_DIV_75']"
164,6.279825487444477,3.6633719167401715,9.94319740418465,6.608916163444519,3.72996324300766,10.338879346847534,90.6626737040858,31.857121006135017,122.51979483327558,96.44168472290039,3.72996324300766,100.1716480255127,1e-05,"['CP', 'DT', 'SUT', 'DW10', 'SW_DW_ADD10', 'SW_DW_DIV_10', 'DW25', 'SW_DW_ADD25', 'SW_DW_DIV_25', 'DW33', 'SW_DW_ADD33', 'SW_DW_DIV_33', 'DW50', 'SW_DW_ADD50', 'SW_DW_DIV_50', 'DW66', 'SW_DW_ADD66', 'SW_DW_DIV_66', 'DW75', 'SW_DW_ADD75', 'SW_DW_DIV_75']"
165,6.277731264791181,3.653011760404033,9.930743032886136,6.610971689224243,3.7323803305625916,10.3433518409729,90.40465816374748,31.757732637466923,122.16239215481666,96.45432472229004,3.7323803305625916,100.18670463562012,1e-05,"['CP', 'DT', 'SUT', 'DW10', 'SW_DW_ADD10', 'SW_DW_DIV_10', 'DW25', 'SW_DW_ADD25', 'SW_DW_DIV_25', 'DW33', 'SW_DW_ADD33', 'SW_DW_DIV_33', 'DW50', 'SW_DW_ADD50', 'SW_DW_DIV_50', 'DW66', 'SW_DW_ADD66', 'SW_DW_DIV_66', 'DW75', 'SW_DW_ADD75', 'SW_DW_DIV_75']"
166,6.3043274264181814,3.665205132576727,9.969532628213205,6.61091685295105,3.7321937680244446,10.343110799789429,90.95261653777092,31.947821586362778,122.9004386163527,96.42951583862305,3.7321937680244446,100.16170883178711,1e-05,"['CP', 'DT', 'SUT', 'DW10', 'SW_DW_ADD10', 'SW_DW_DIV_10', 'DW25', 'SW_DW_ADD25', 'SW_DW_DIV_25', 'DW33', 'SW_DW_ADD33', 'SW_DW_DIV_33', 'DW50', 'SW_DW_ADD50', 'SW_DW_DIV_50', 'DW66', 'SW_DW_ADD66', 'SW_DW_DIV_66', 'DW75', 'SW_DW_ADD75', 'SW_DW_DIV_75']"
167,6.314851007153911,3.670873318949053,9.985724356866651,6.619118928909302,3.7313350439071655,10.350453853607178,91.19414520263672,31.993038423599735,123.1871832570722,96.55906867980957,3.7313350439071655,100.2904052734375,1e-05,"['CP', 'DT', 'SUT', 'DW10', 'SW_DW_ADD10', 'SW_DW_DIV_10', 'DW25', 'SW_DW_ADD25', 'SW_DW_DIV_25', 'DW33', 'SW_DW_ADD33', 'SW_DW_DIV_33', 'DW50', 'SW_DW_ADD50', 'SW_DW_DIV_50', 'DW66', 'SW_DW_ADD66', 'SW_DW_DIV_66', 'DW75', 'SW_DW_ADD75', 'SW_DW_DIV_75']"
168,6.261844465809483,3.6492697346595024,9.911114169705298,6.615471601486206,3.7320010662078857,10.347472429275513,90.44793085898122,31.750548085858746,122.19847919094947,96.54964065551758,3.7320010662078857,100.28164291381836,1e-05,"['CP', 'DT', 'SUT', 'DW10', 'SW_DW_ADD10', 'SW_DW_DIV_10', 'DW25', 'SW_DW_ADD25', 'SW_DW_DIV_25', 'DW33', 'SW_DW_ADD33', 'SW_DW_DIV_33', 'DW50', 'SW_DW_ADD50', 'SW_DW_DIV_50', 'DW66', 'SW_DW_ADD66', 'SW_DW_DIV_66', 'DW75', 'SW_DW_ADD75', 'SW_DW_DIV_75']"
169,6.297793696003575,3.6541390957370883,9.951932876340804,6.609173774719238,3.7308267951011658,10.34000039100647,90.90206170851185,31.821812291299143,122.72387449202999,96.33868598937988,3.7308267951011658,100.06951332092285,1e-05,"['CP', 'DT', 'SUT', 'DW10', 'SW_DW_ADD10', 'SW_DW_DIV_10', 'DW25', 'SW_DW_ADD25', 'SW_DW_DIV_25', 'DW33', 'SW_DW_ADD33', 'SW_DW_DIV_33', 'DW50', 'SW_DW_ADD50', 'SW_DW_DIV_50', 'DW66', 'SW_DW_ADD66', 'SW_DW_DIV_66', 'DW75', 'SW_DW_ADD75', 'SW_DW_DIV_75']"
170,6.301869069376299,3.658268936218754,9.960138044049662,6.615731596946716,3.731008291244507,10.346739768981934,91.30414433633128,31.81814206031061,123.12228688886088,96.6115951538086,3.731008291244507,100.34260368347168,1e-05,"['CP', 'DT', 'SUT', 'DW10', 'SW_DW_ADD10', 'SW_DW_DIV_10', 'DW25', 'SW_DW_ADD25', 'SW_DW_DIV_25', 'DW33', 'SW_DW_ADD33', 'SW_DW_DIV_33', 'DW50', 'SW_DW_ADD50', 'SW_DW_DIV_50', 'DW66', 'SW_DW_ADD66', 'SW_DW_DIV_66', 'DW75', 'SW_DW_ADD75', 'SW_DW_DIV_75']"
171,6.289862586605933,3.659717159886514,9.949579700346916,6.613862752914429,3.731570780277252,10.345433712005615,90.82796995101437,31.811371710992628,122.63934080062374,96.55098533630371,3.731570780277252,100.28255653381348,1e-05,"['CP', 'DT', 'SUT', 'DW10', 'SW_DW_ADD10', 'SW_DW_DIV_10', 'DW25', 'SW_DW_ADD25', 'SW_DW_DIV_25', 'DW33', 'SW_DW_ADD33', 'SW_DW_DIV_33', 'DW50', 'SW_DW_ADD50', 'SW_DW_DIV_50', 'DW66', 'SW_DW_ADD66', 'SW_DW_DIV_66', 'DW75', 'SW_DW_ADD75', 'SW_DW_DIV_75']"
172,6.269071179051553,3.647355041196269,9.916426197175056,6.6270506381988525,3.733052968978882,10.360103607177734,90.42391697052986,31.74445373781266,122.16837138514364,96.78965187072754,3.733052968978882,100.522705078125,1e-05,"['CP', 'DT', 'SUT', 'DW10', 'SW_DW_ADD10', 'SW_DW_DIV_10', 'DW25', 'SW_DW_ADD25', 'SW_DW_DIV_25', 'DW33', 'SW_DW_ADD33', 'SW_DW_DIV_33', 'DW50', 'SW_DW_ADD50', 'SW_DW_DIV_50', 'DW66', 'SW_DW_ADD66', 'SW_DW_DIV_66', 'DW75', 'SW_DW_ADD75', 'SW_DW_DIV_75']"
173,6.291374483416157,3.661132674063406,9.952507080570344,6.6157097816467285,3.7309699654579163,10.3466796875,91.07744622999623,31.891926242459206,122.96937216481855,96.5567569732666,3.7309699654579163,100.2877254486084,1e-05,"['CP', 'DT', 'SUT', 'DW10', 'SW_DW_ADD10', 'SW_DW_DIV_10', 'DW25', 'SW_DW_ADD25', 'SW_DW_DIV_25', 'DW33', 'SW_DW_ADD33', 'SW_DW_DIV_33', 'DW50', 'SW_DW_ADD50', 'SW_DW_DIV_50', 'DW66', 'SW_DW_ADD66', 'SW_DW_DIV_66', 'DW75', 'SW_DW_ADD75', 'SW_DW_DIV_75']"
174,6.285615136546474,3.659932082699191,9.945547226936586,6.622596859931946,3.7316755652427673,10.354272365570068,90.88162009946761,31.83384273898217,122.71546246928554,96.5762825012207,3.7316755652427673,100.30795860290527,1e-05,"['CP', 'DT', 'SUT', 'DW10', 'SW_DW_ADD10', 'SW_DW_DIV_10', 'DW25', 'SW_DW_ADD25', 'SW_DW_DIV_25', 'DW33', 'SW_DW_ADD33', 'SW_DW_DIV_33', 'DW50', 'SW_DW_ADD50', 'SW_DW_DIV_50', 'DW66', 'SW_DW_ADD66', 'SW_DW_DIV_66', 'DW75', 'SW_DW_ADD75', 'SW_DW_DIV_75']"
175,6.308714559001308,3.6716684372194353,9.980383134657338,6.613059878349304,3.731916308403015,10.34497618675232,91.13379373858052,31.994969398744644,123.12876350648942,96.56875610351562,3.731916308403015,100.30067253112793,1e-05,"['CP', 'DT', 'SUT', 'DW10', 'SW_DW_ADD10', 'SW_DW_DIV_10', 'DW25', 'SW_DW_ADD25', 'SW_DW_DIV_25', 'DW33', 'SW_DW_ADD33', 'SW_DW_DIV_33', 'DW50', 'SW_DW_ADD50', 'SW_DW_DIV_50', 'DW66', 'SW_DW_ADD66', 'SW_DW_DIV_66', 'DW75', 'SW_DW_ADD75', 'SW_DW_DIV_75']"
176,6.2948776060535065,3.6569499046571794,9.951827572238061,6.609054684638977,3.731899678707123,10.340954542160034,90.96490675403226,31.783367895310924,122.74827378795993,96.3556900024414,3.731899678707123,100.08758735656738,1e-05,"['CP', 'DT', 'SUT', 'DW10', 'SW_DW_ADD10', 'SW_DW_DIV_10', 'DW25', 'SW_DW_ADD25', 'SW_DW_DIV_25', 'DW33', 'SW_DW_ADD33', 'SW_DW_DIV_33', 'DW50', 'SW_DW_ADD50', 'SW_DW_DIV_50', 'DW66', 'SW_DW_ADD66', 'SW_DW_DIV_66', 'DW75', 'SW_DW_ADD75', 'SW_DW_DIV_75']"
177,6.278081770866148,3.655346255148611,9.933428056778446,6.611789703369141,3.731652021408081,10.343441486358643,90.5899409632529,31.814726614182995,122.40466776201802,96.48168563842773,3.731652021408081,100.21333694458008,1e-05,"['CP', 'DT', 'SUT', 'DW10', 'SW_DW_ADD10', 'SW_DW_DIV_10', 'DW25', 'SW_DW_ADD25', 'SW_DW_DIV_25', 'DW33', 'SW_DW_ADD33', 'SW_DW_DIV_33', 'DW50', 'SW_DW_ADD50', 'SW_DW_DIV_50', 'DW66', 'SW_DW_ADD66', 'SW_DW_DIV_66', 'DW75', 'SW_DW_ADD75', 'SW_DW_DIV_75']"
178,6.296238160902454,3.6691378854936167,9.965376054086994,6.61397647857666,3.7283976674079895,10.342374086380005,90.9303475656817,31.916472342706495,122.84681923158708,96.61608695983887,3.7283976674079895,100.34448432922363,1e-05,"['CP', 'DT', 'SUT', 'DW10', 'SW_DW_ADD10', 'SW_DW_DIV_10', 'DW25', 'SW_DW_ADD25', 'SW_DW_DIV_25', 'DW33', 'SW_DW_ADD33', 'SW_DW_DIV_33', 'DW50', 'SW_DW_ADD50', 'SW_DW_DIV_50', 'DW66', 'SW_DW_ADD66', 'SW_DW_DIV_66', 'DW75', 'SW_DW_ADD75', 'SW_DW_DIV_75']"
179,6.278126901195895,3.651115463626,9.929242349440052,6.61989426612854,3.7305673956871033,10.350461721420288,90.77296792307207,31.77722063372212,122.55018812610257,96.60855484008789,3.7305673956871033,100.3391227722168,1e-05,"['CP', 'DT', 'SUT', 'DW10', 'SW_DW_ADD10', 'SW_DW_DIV_10', 'DW25', 'SW_DW_ADD25', 'SW_DW_DIV_25', 'DW33', 'SW_DW_ADD33', 'SW_DW_DIV_33', 'DW50', 'SW_DW_ADD50', 'SW_DW_DIV_50', 'DW66', 'SW_DW_ADD66', 'SW_DW_DIV_66', 'DW75', 'SW_DW_ADD75', 'SW_DW_DIV_75']"
180,6.274886192813996,3.6486876779986965,9.923573924649146,6.611634016036987,3.732417404651642,10.344051122665405,90.59607671922252,31.734215890207597,122.33029297859439,96.44690322875977,3.732417404651642,100.1793212890625,1e-05,"['CP', 'DT', 'SUT', 'DW10', 'SW_DW_ADD10', 'SW_DW_DIV_10', 'DW25', 'SW_DW_ADD25', 'SW_DW_DIV_25', 'DW33', 'SW_DW_ADD33', 'SW_DW_DIV_33', 'DW50', 'SW_DW_ADD50', 'SW_DW_DIV_50', 'DW66', 'SW_DW_ADD66', 'SW_DW_DIV_66', 'DW75', 'SW_DW_ADD75', 'SW_DW_DIV_75']"
181,6.3100090334492345,3.666752561446159,9.97676166411369,6.615895628929138,3.7309243083000183,10.34682011604309,91.1650161743164,31.86726902377221,123.03228464434224,96.59490013122559,3.7309243083000183,100.32582473754883,1e-05,"['CP', 'DT', 'SUT', 'DW10', 'SW_DW_ADD10', 'SW_DW_DIV_10', 'DW25', 'SW_DW_ADD25', 'SW_DW_DIV_25', 'DW33', 'SW_DW_ADD33', 'SW_DW_DIV_33', 'DW50', 'SW_DW_ADD50', 'SW_DW_DIV_50', 'DW66', 'SW_DW_ADD66', 'SW_DW_DIV_66', 'DW75', 'SW_DW_ADD75', 'SW_DW_DIV_75']"
182,6.281246646758048,3.662597002521638,9.943843656970609,6.608479857444763,3.7311041951179504,10.339584112167358,90.78484738257623,31.880956219088645,122.66580347861013,96.35661125183105,3.7311041951179504,100.08771514892578,1e-05,"['CP', 'DT', 'SUT', 'DW10', 'SW_DW_ADD10', 'SW_DW_DIV_10', 'DW25', 'SW_DW_ADD25', 'SW_DW_DIV_25', 'DW33', 'SW_DW_ADD33', 'SW_DW_DIV_33', 'DW50', 'SW_DW_ADD50', 'SW_DW_DIV_50', 'DW66', 'SW_DW_ADD66', 'SW_DW_DIV_66', 'DW75', 'SW_DW_ADD75', 'SW_DW_DIV_75']"
183,6.2733319344059115,3.661698741297568,9.93503072184901,6.611560344696045,3.7302902340888977,10.341850757598877,90.68377217938823,31.82494298873409,122.5087149835402,96.43775367736816,3.7302902340888977,100.16804313659668,1e-05,"['CP', 'DT', 'SUT', 'DW10', 'SW_DW_ADD10', 'SW_DW_DIV_10', 'DW25', 'SW_DW_ADD25', 'SW_DW_DIV_25', 'DW33', 'SW_DW_ADD33', 'SW_DW_DIV_33', 'DW50', 'SW_DW_ADD50', 'SW_DW_DIV_50', 'DW66', 'SW_DW_ADD66', 'SW_DW_DIV_66', 'DW75', 'SW_DW_ADD75', 'SW_DW_DIV_75']"
184,6.299548179872574,3.651031101903608,9.95057927408526,6.6188377141952515,3.731348752975464,10.350186586380005,90.85050127583165,31.779390335083008,122.62989093411353,96.63215065002441,3.731348752975464,100.36350059509277,1e-05,"['CP', 'DT', 'SUT', 'DW10', 'SW_DW_ADD10', 'SW_DW_DIV_10', 'DW25', 'SW_DW_ADD25', 'SW_DW_DIV_25', 'DW33', 'SW_DW_ADD33', 'SW_DW_DIV_33', 'DW50', 'SW_DW_ADD50', 'SW_DW_DIV_50', 'DW66', 'SW_DW_ADD66', 'SW_DW_DIV_66', 'DW75', 'SW_DW_ADD75', 'SW_DW_DIV_75']"
185,6.28584687940536,3.655886603939918,9.941733544872653,6.615552067756653,3.7313761711120605,10.346928358078003,90.778076664094,31.761167833881995,122.53924412881175,96.50776290893555,3.7313761711120605,100.23913764953613,1e-05,"['CP', 'DT', 'SUT', 'DW10', 'SW_DW_ADD10', 'SW_DW_DIV_10', 'DW25', 'SW_DW_ADD25', 'SW_DW_DIV_25', 'DW33', 'SW_DW_ADD33', 'SW_DW_DIV_33', 'DW50', 'SW_DW_ADD50', 'SW_DW_DIV_50', 'DW66', 'SW_DW_ADD66', 'SW_DW_DIV_66', 'DW75', 'SW_DW_ADD75', 'SW_DW_DIV_75']"
186,6.27488354713686,3.6621795085168656,9.93706290952621,6.6099536418914795,3.7317801117897034,10.341733455657959,90.73477197462513,31.846183038526966,122.58095476704258,96.32058143615723,3.7317801117897034,100.05236434936523,1e-05,"['CP', 'DT', 'SUT', 'DW10', 'SW_DW_ADD10', 'SW_DW_DIV_10', 'DW25', 'SW_DW_ADD25', 'SW_DW_DIV_25', 'DW33', 'SW_DW_ADD33', 'SW_DW_DIV_33', 'DW50', 'SW_DW_ADD50', 'SW_DW_DIV_50', 'DW66', 'SW_DW_ADD66', 'SW_DW_DIV_66', 'DW75', 'SW_DW_ADD75', 'SW_DW_DIV_75']"
187,6.271465624532392,3.654529994533908,9.925995642139066,6.607423305511475,3.732885777950287,10.340309381484985,90.56132458102319,31.74976115072927,122.31108511647871,96.36058235168457,3.732885777950287,100.09346771240234,1e-05,"['CP', 'DT', 'SUT', 'DW10', 'SW_DW_ADD10', 'SW_DW_DIV_10', 'DW25', 'SW_DW_ADD25', 'SW_DW_DIV_25', 'DW33', 'SW_DW_ADD33', 'SW_DW_DIV_33', 'DW50', 'SW_DW_ADD50', 'SW_DW_DIV_50', 'DW66', 'SW_DW_ADD66', 'SW_DW_DIV_66', 'DW75', 'SW_DW_ADD75', 'SW_DW_DIV_75']"
188,6.291629529768421,3.65429505994243,9.945924635856382,6.615365147590637,3.7329370975494385,10.348302364349365,90.77833015688005,31.802030932518743,122.58036115092617,96.47916984558105,3.7329370975494385,100.21210861206055,1e-05,"['CP', 'DT', 'SUT', 'DW10', 'SW_DW_ADD10', 'SW_DW_DIV_10', 'DW25', 'SW_DW_ADD25', 'SW_DW_DIV_25', 'DW33', 'SW_DW_ADD33', 'SW_DW_DIV_33', 'DW50', 'SW_DW_ADD50', 'SW_DW_DIV_50', 'DW66', 'SW_DW_ADD66', 'SW_DW_DIV_66', 'DW75', 'SW_DW_ADD75', 'SW_DW_DIV_75']"
189,6.278237588943973,3.658505255176175,9.936742751829085,6.623970985412598,3.733289361000061,10.35726022720337,90.84390898673765,31.805978528914913,122.64988733107045,96.7075366973877,3.733289361000061,100.44082450866699,1e-05,"['CP', 'DT', 'SUT', 'DW10', 'SW_DW_ADD10', 'SW_DW_DIV_10', 'DW25', 'SW_DW_ADD25', 'SW_DW_DIV_25', 'DW33', 'SW_DW_ADD33', 'SW_DW_DIV_33', 'DW50', 'SW_DW_ADD50', 'SW_DW_DIV_50', 'DW66', 'SW_DW_ADD66', 'SW_DW_DIV_66', 'DW75', 'SW_DW_ADD75', 'SW_DW_DIV_75']"
190,6.289520017562374,3.6573911943743305,9.946911165791173,6.613261103630066,3.7307417392730713,10.344002962112427,90.81607006442162,31.783769853653446,122.59983973349294,96.48885917663574,3.7307417392730713,100.21960067749023,1e-05,"['CP', 'DT', 'SUT', 'DW10', 'SW_DW_ADD10', 'SW_DW_DIV_10', 'DW25', 'SW_DW_ADD25', 'SW_DW_DIV_25', 'DW33', 'SW_DW_ADD33', 'SW_DW_DIV_33', 'DW50', 'SW_DW_ADD50', 'SW_DW_DIV_50', 'DW66', 'SW_DW_ADD66', 'SW_DW_DIV_66', 'DW75', 'SW_DW_ADD75', 'SW_DW_DIV_75']"
191,6.285827928973783,3.664837383454846,9.95066532011955,6.612611293792725,3.7338956594467163,10.346506834030151,90.80103105114353,31.872650946340254,122.6736811976279,96.53325653076172,3.7338956594467163,100.26715278625488,1e-05,"['CP', 'DT', 'SUT', 'DW10', 'SW_DW_ADD10', 'SW_DW_DIV_10', 'DW25', 'SW_DW_ADD25', 'SW_DW_DIV_25', 'DW33', 'SW_DW_ADD33', 'SW_DW_DIV_33', 'DW50', 'SW_DW_ADD50', 'SW_DW_DIV_50', 'DW66', 'SW_DW_ADD66', 'SW_DW_DIV_66', 'DW75', 'SW_DW_ADD75', 'SW_DW_DIV_75']"
192,6.275150191399359,3.658694436473231,9.93384462787259,6.625751256942749,3.7347429394721985,10.360494136810303,90.41268207180885,31.796063453920425,122.20874540267452,96.72811889648438,3.7347429394721985,100.46286010742188,1e-05,"['CP', 'DT', 'SUT', 'DW10', 'SW_DW_ADD10', 'SW_DW_DIV_10', 'DW25', 'SW_DW_ADD25', 'SW_DW_DIV_25', 'DW33', 'SW_DW_ADD33', 'SW_DW_DIV_33', 'DW50', 'SW_DW_ADD50', 'SW_DW_DIV_50', 'DW66', 'SW_DW_ADD66', 'SW_DW_DIV_66', 'DW75', 'SW_DW_ADD75', 'SW_DW_DIV_75']"
193,6.276531419446392,3.6641440314631306,9.940675489364132,6.61019766330719,3.7310574054718018,10.341255187988281,90.64798367408014,31.84735341225901,122.4953369632844,96.36845397949219,3.7310574054718018,100.09951210021973,1e-05,"['CP', 'DT', 'SUT', 'DW10', 'SW_DW_ADD10', 'SW_DW_DIV_10', 'DW25', 'SW_DW_ADD25', 'SW_DW_DIV_25', 'DW33', 'SW_DW_ADD33', 'SW_DW_DIV_33', 'DW50', 'SW_DW_ADD50', 'SW_DW_DIV_50', 'DW66', 'SW_DW_ADD66', 'SW_DW_DIV_66', 'DW75', 'SW_DW_ADD75', 'SW_DW_DIV_75']"
194,6.275781692997102,3.6538772198461715,9.929658920534196,6.61806583404541,3.7327190041542053,10.35078501701355,90.71749065768334,31.774464391892955,122.49195517263105,96.52417373657227,3.7327190041542053,100.25689506530762,1e-05,"['CP', 'DT', 'SUT', 'DW10', 'SW_DW_ADD10', 'SW_DW_DIV_10', 'DW25', 'SW_DW_ADD25', 'SW_DW_DIV_25', 'DW33', 'SW_DW_ADD33', 'SW_DW_DIV_33', 'DW50', 'SW_DW_ADD50', 'SW_DW_DIV_50', 'DW66', 'SW_DW_ADD66', 'SW_DW_DIV_66', 'DW75', 'SW_DW_ADD75', 'SW_DW_DIV_75']"
195,6.2822972574541645,3.6581512804954284,9.940448545640514,6.605600833892822,3.7314823269844055,10.337083101272583,90.71032468734249,31.819541869624967,122.52986686460433,96.34729957580566,3.7314823269844055,100.07878112792969,1e-05,"['CP', 'DT', 'SUT', 'DW10', 'SW_DW_ADD10', 'SW_DW_DIV_10', 'DW25', 'SW_DW_ADD25', 'SW_DW_DIV_25', 'DW33', 'SW_DW_ADD33', 'SW_DW_DIV_33', 'DW50', 'SW_DW_ADD50', 'SW_DW_DIV_50', 'DW66', 'SW_DW_ADD66', 'SW_DW_DIV_66', 'DW75', 'SW_DW_ADD75', 'SW_DW_DIV_75']"
196,6.294121649957472,3.6582004716319423,9.95232209851665,6.61599862575531,3.7341350317001343,10.350133657455444,91.07728675103957,31.80778706458307,122.88507375409526,96.52808570861816,3.7341350317001343,100.26222229003906,1e-05,"['CP', 'DT', 'SUT', 'DW10', 'SW_DW_ADD10', 'SW_DW_DIV_10', 'DW25', 'SW_DW_ADD25', 'SW_DW_DIV_25', 'DW33', 'SW_DW_ADD33', 'SW_DW_DIV_33', 'DW50', 'SW_DW_ADD50', 'SW_DW_DIV_50', 'DW66', 'SW_DW_ADD66', 'SW_DW_DIV_66', 'DW75', 'SW_DW_ADD75', 'SW_DW_DIV_75']"
197,6.287629512048537,3.664371775042626,9.952001294782084,6.62380576133728,3.7331100702285767,10.356915712356567,90.6663587016444,31.813614629930065,122.47997259324596,96.81192779541016,3.7331100702285767,100.54503631591797,1e-05,"['CP', 'DT', 'SUT', 'DW10', 'SW_DW_ADD10', 'SW_DW_DIV_10', 'DW25', 'SW_DW_ADD25', 'SW_DW_DIV_25', 'DW33', 'SW_DW_ADD33', 'SW_DW_DIV_33', 'DW50', 'SW_DW_ADD50', 'SW_DW_DIV_50', 'DW66', 'SW_DW_ADD66', 'SW_DW_DIV_66', 'DW75', 'SW_DW_ADD75', 'SW_DW_DIV_75']"
198,6.2708226019336335,3.6544012254284275,9.925223842743904,6.6130101680755615,3.7326908707618713,10.345701217651367,90.68995445005355,31.792006092686808,122.48196017357611,96.4255199432373,3.7326908707618713,100.15821075439453,1e-05,"['CP', 'DT', 'SUT', 'DW10', 'SW_DW_ADD10', 'SW_DW_DIV_10', 'DW25', 'SW_DW_ADD25', 'SW_DW_DIV_25', 'DW33', 'SW_DW_ADD33', 'SW_DW_DIV_33', 'DW50', 'SW_DW_ADD50', 'SW_DW_DIV_50', 'DW66', 'SW_DW_ADD66', 'SW_DW_DIV_66', 'DW75', 'SW_DW_ADD75', 'SW_DW_DIV_75']"
199,6.260501107861919,3.646683300695112,9.907184354720577,6.606209993362427,3.731253683567047,10.337463855743408,90.40228862147177,31.75230795337308,122.15459737470073,96.3099422454834,3.731253683567047,100.04119491577148,1e-05,"['CP', 'DT', 'SUT', 'DW10', 'SW_DW_ADD10', 'SW_DW_DIV_10', 'DW25', 'SW_DW_ADD25', 'SW_DW_DIV_25', 'DW33', 'SW_DW_ADD33', 'SW_DW_DIV_33', 'DW50', 'SW_DW_ADD50', 'SW_DW_DIV_50', 'DW66', 'SW_DW_ADD66', 'SW_DW_DIV_66', 'DW75', 'SW_DW_ADD75', 'SW_DW_DIV_75']"
