Epoch,epoch,train_mae_sbp,train_mae_dbp,train_mae,val_mae_sbp,val_mae_dbp,val_mae,train_mse_sbp,train_mse_dbp,train_mse,val_mse_sbp,val_mse_dbp,val_mse,lr,features
0,0,75.45373279817643,32.821045721730876,108.27477738165086,14.744598388671875,6.773702383041382,21.518300533294678,7901.505311043032,1554.1487210181451,9455.654044858871,345.9537582397461,6.773702383041382,352.7274627685547,0.1,"['CP', 'DT', 'SUT', 'SUT_DT_ADD', 'SW_DW_ADD10', 'SW_DW_ADD25', 'SW_DW_ADD33', 'SW_DW_ADD50', 'SW_DW_ADD66', 'SW_DW_ADD75', 'DW10', 'SW_DW_DIV_50', 'SW_DW_DIV_75', 'SW_DW_DIV_33', 'SW_DW_DIV_10']"
1,1,11.315386833683137,5.787605393317438,17.10299221161873,9.758175134658813,5.268048286437988,15.026223421096802,228.1449939358619,63.17477453908613,291.3197710590978,178.49068069458008,5.268048286437988,183.75873184204102,0.1,"['CP', 'DT', 'SUT', 'SUT_DT_ADD', 'SW_DW_ADD10', 'SW_DW_ADD25', 'SW_DW_ADD33', 'SW_DW_ADD50', 'SW_DW_ADD66', 'SW_DW_ADD75', 'DW10', 'SW_DW_DIV_50', 'SW_DW_DIV_75', 'SW_DW_DIV_33', 'SW_DW_DIV_10']"
2,2,9.510329831031061,5.383149193179223,14.893479039592128,8.582048892974854,5.003710031509399,13.585758924484253,176.64265934113533,58.39353942871094,235.03619778540826,144.95907974243164,5.003710031509399,149.9627914428711,0.1,"['CP', 'DT', 'SUT', 'SUT_DT_ADD', 'SW_DW_ADD10', 'SW_DW_ADD25', 'SW_DW_ADD33', 'SW_DW_ADD50', 'SW_DW_ADD66', 'SW_DW_ADD75', 'DW10', 'SW_DW_DIV_50', 'SW_DW_DIV_75', 'SW_DW_DIV_33', 'SW_DW_DIV_10']"
3,3,8.598415282464796,4.869449184786889,13.467864467251685,8.310373783111572,4.646714091300964,12.957087755203247,151.10580444335938,49.59382124870054,200.69962532289566,136.72314453125,4.646714091300964,141.36985778808594,0.1,"['CP', 'DT', 'SUT', 'SUT_DT_ADD', 'SW_DW_ADD10', 'SW_DW_ADD25', 'SW_DW_ADD33', 'SW_DW_ADD50', 'SW_DW_ADD66', 'SW_DW_ADD75', 'DW10', 'SW_DW_DIV_50', 'SW_DW_DIV_75', 'SW_DW_DIV_33', 'SW_DW_DIV_10']"
4,4,8.365817316116825,4.678534138587214,13.044351485467725,8.280644655227661,4.743982434272766,13.024626970291138,142.73915223152406,47.00237877138199,189.7415313720703,141.24005889892578,4.743982434272766,145.9840431213379,0.1,"['CP', 'DT', 'SUT', 'SUT_DT_ADD', 'SW_DW_ADD10', 'SW_DW_ADD25', 'SW_DW_ADD33', 'SW_DW_ADD50', 'SW_DW_ADD66', 'SW_DW_ADD75', 'DW10', 'SW_DW_DIV_50', 'SW_DW_DIV_75', 'SW_DW_DIV_33', 'SW_DW_DIV_10']"
5,5,8.07761033888786,4.555823541456653,12.633433803435295,7.98491632938385,4.406262755393982,12.391178846359253,134.0788808022776,44.108145683042466,178.18702697753906,130.70005989074707,4.406262755393982,135.1063232421875,0.1,"['CP', 'DT', 'SUT', 'SUT_DT_ADD', 'SW_DW_ADD10', 'SW_DW_ADD25', 'SW_DW_ADD33', 'SW_DW_ADD50', 'SW_DW_ADD66', 'SW_DW_ADD75', 'DW10', 'SW_DW_DIV_50', 'SW_DW_DIV_75', 'SW_DW_DIV_33', 'SW_DW_DIV_10']"
6,6,7.916905264700612,4.395285529475058,12.31219079417567,7.925727605819702,4.384398102760315,12.310125827789307,129.17818943146736,41.65901454802482,170.8372044717112,129.19100189208984,4.384398102760315,133.5753993988037,0.1,"['CP', 'DT', 'SUT', 'SUT_DT_ADD', 'SW_DW_ADD10', 'SW_DW_ADD25', 'SW_DW_ADD33', 'SW_DW_ADD50', 'SW_DW_ADD66', 'SW_DW_ADD75', 'DW10', 'SW_DW_DIV_50', 'SW_DW_DIV_75', 'SW_DW_DIV_33', 'SW_DW_DIV_10']"
7,7,7.753581739241077,4.37023796573762,12.123819781887915,7.859347939491272,4.377078890800476,12.236426830291748,125.15984615202873,41.29233120333764,166.45217797064012,125.49069404602051,4.377078890800476,129.86777305603027,0.1,"['CP', 'DT', 'SUT', 'SUT_DT_ADD', 'SW_DW_ADD10', 'SW_DW_ADD25', 'SW_DW_ADD33', 'SW_DW_ADD50', 'SW_DW_ADD66', 'SW_DW_ADD75', 'DW10', 'SW_DW_DIV_50', 'SW_DW_DIV_75', 'SW_DW_DIV_33', 'SW_DW_DIV_10']"
8,8,7.717903552516814,4.3856301461496665,12.103533714048323,7.863011717796326,4.385870695114136,12.248882293701172,124.87405592395413,41.19271567560011,166.0667714764995,125.79070281982422,4.385870695114136,130.17657470703125,0.1,"['CP', 'DT', 'SUT', 'SUT_DT_ADD', 'SW_DW_ADD10', 'SW_DW_ADD25', 'SW_DW_ADD33', 'SW_DW_ADD50', 'SW_DW_ADD66', 'SW_DW_ADD75', 'DW10', 'SW_DW_DIV_50', 'SW_DW_DIV_75', 'SW_DW_DIV_33', 'SW_DW_DIV_10']"
9,9,7.697480186339347,4.253111539348479,11.950591733378749,7.783882737159729,4.356631875038147,12.140514850616455,123.25922024634576,39.04518484300183,162.30440644294984,123.93120193481445,4.356631875038147,128.28783226013184,0.1,"['CP', 'DT', 'SUT', 'SUT_DT_ADD', 'SW_DW_ADD10', 'SW_DW_ADD25', 'SW_DW_ADD33', 'SW_DW_ADD50', 'SW_DW_ADD66', 'SW_DW_ADD75', 'DW10', 'SW_DW_DIV_50', 'SW_DW_DIV_75', 'SW_DW_DIV_33', 'SW_DW_DIV_10']"
10,10,7.568666150493007,4.160532197644634,11.729198363519483,7.365586876869202,4.069306015968323,11.434892892837524,120.91155193698022,37.9611888393279,158.87274022256173,111.85568809509277,4.069306015968323,115.92499351501465,0.1,"['CP', 'DT', 'SUT', 'SUT_DT_ADD', 'SW_DW_ADD10', 'SW_DW_ADD25', 'SW_DW_ADD33', 'SW_DW_ADD50', 'SW_DW_ADD66', 'SW_DW_ADD75', 'DW10', 'SW_DW_DIV_50', 'SW_DW_DIV_75', 'SW_DW_DIV_33', 'SW_DW_DIV_10']"
11,11,7.475019562628962,4.140806505756993,11.615826053004112,7.439124822616577,4.034720361232758,11.47384524345398,118.52955725885207,37.40853838766775,155.93809509277344,112.4221420288086,4.034720361232758,116.45686149597168,0.1,"['CP', 'DT', 'SUT', 'SUT_DT_ADD', 'SW_DW_ADD10', 'SW_DW_ADD25', 'SW_DW_ADD33', 'SW_DW_ADD50', 'SW_DW_ADD66', 'SW_DW_ADD75', 'DW10', 'SW_DW_DIV_50', 'SW_DW_DIV_75', 'SW_DW_DIV_33', 'SW_DW_DIV_10']"
12,12,7.661263419735816,4.277059924217962,11.938323359335623,7.622633337974548,4.1368937492370605,11.75952696800232,121.06221475908833,38.84483829621346,159.9070552702873,120.22229194641113,4.1368937492370605,124.35918617248535,0.1,"['CP', 'DT', 'SUT', 'SUT_DT_ADD', 'SW_DW_ADD10', 'SW_DW_ADD25', 'SW_DW_ADD33', 'SW_DW_ADD50', 'SW_DW_ADD66', 'SW_DW_ADD75', 'DW10', 'SW_DW_DIV_50', 'SW_DW_DIV_75', 'SW_DW_DIV_33', 'SW_DW_DIV_10']"
13,13,7.649438842650382,4.255913088398595,11.905351915667135,7.389447808265686,4.097187578678131,11.486635446548462,120.48453743227067,37.69840708086568,158.18294451313633,112.93338012695312,4.097187578678131,117.03056907653809,0.1,"['CP', 'DT', 'SUT', 'SUT_DT_ADD', 'SW_DW_ADD10', 'SW_DW_ADD25', 'SW_DW_ADD33', 'SW_DW_ADD50', 'SW_DW_ADD66', 'SW_DW_ADD75', 'DW10', 'SW_DW_DIV_50', 'SW_DW_DIV_75', 'SW_DW_DIV_33', 'SW_DW_DIV_10']"
14,14,7.419802927201794,4.048940489369054,11.468743447334536,7.226266622543335,4.0400649309158325,11.266331434249878,116.6752676194714,35.73883167389901,152.41410089308215,108.70170021057129,4.0400649309158325,112.74176406860352,0.1,"['CP', 'DT', 'SUT', 'SUT_DT_ADD', 'SW_DW_ADD10', 'SW_DW_ADD25', 'SW_DW_ADD33', 'SW_DW_ADD50', 'SW_DW_ADD66', 'SW_DW_ADD75', 'DW10', 'SW_DW_DIV_50', 'SW_DW_DIV_75', 'SW_DW_DIV_33', 'SW_DW_DIV_10']"
15,15,7.364226864230249,4.090627777960993,11.454854749864147,7.3711405992507935,4.03388649225235,11.405027151107788,116.45795169953377,36.29290568444036,152.7508584299395,112.15219116210938,4.03388649225235,116.18607902526855,0.1,"['CP', 'DT', 'SUT', 'SUT_DT_ADD', 'SW_DW_ADD10', 'SW_DW_ADD25', 'SW_DW_ADD33', 'SW_DW_ADD50', 'SW_DW_ADD66', 'SW_DW_ADD75', 'DW10', 'SW_DW_DIV_50', 'SW_DW_DIV_75', 'SW_DW_DIV_33', 'SW_DW_DIV_10']"
16,16,7.338107309033794,4.022920593138664,11.361028025227208,7.680663466453552,4.257230639457703,11.937894105911255,115.0688739899666,35.36475323092553,150.43362722089213,117.19547843933105,4.257230639457703,121.45270919799805,0.1,"['CP', 'DT', 'SUT', 'SUT_DT_ADD', 'SW_DW_ADD10', 'SW_DW_ADD25', 'SW_DW_ADD33', 'SW_DW_ADD50', 'SW_DW_ADD66', 'SW_DW_ADD75', 'DW10', 'SW_DW_DIV_50', 'SW_DW_DIV_75', 'SW_DW_DIV_33', 'SW_DW_DIV_10']"
17,17,7.385242954377206,4.050610073151127,11.435853065982942,7.676529049873352,4.024982571601868,11.70151162147522,116.70309251354587,35.83607366008143,152.53916685042842,116.53750419616699,4.024982571601868,120.56248664855957,0.1,"['CP', 'DT', 'SUT', 'SUT_DT_ADD', 'SW_DW_ADD10', 'SW_DW_ADD25', 'SW_DW_ADD33', 'SW_DW_ADD50', 'SW_DW_ADD66', 'SW_DW_ADD75', 'DW10', 'SW_DW_DIV_50', 'SW_DW_DIV_75', 'SW_DW_DIV_33', 'SW_DW_DIV_10']"
18,18,7.272618647544615,3.980176025821317,11.252794634911321,7.338186860084534,4.146989583969116,11.48517656326294,114.45522111462009,35.17494281645744,149.63016386955016,112.43283653259277,4.146989583969116,116.57982635498047,0.1,"['CP', 'DT', 'SUT', 'SUT_DT_ADD', 'SW_DW_ADD10', 'SW_DW_ADD25', 'SW_DW_ADD33', 'SW_DW_ADD50', 'SW_DW_ADD66', 'SW_DW_ADD75', 'DW10', 'SW_DW_DIV_50', 'SW_DW_DIV_75', 'SW_DW_DIV_33', 'SW_DW_DIV_10']"
19,19,7.304940931258663,4.020462128423875,11.325403059682538,7.210911870002747,3.9661027789115906,11.177014589309692,113.97020549158896,35.65129698476484,149.6215045067572,108.06744003295898,3.9661027789115906,112.03354263305664,0.1,"['CP', 'DT', 'SUT', 'SUT_DT_ADD', 'SW_DW_ADD10', 'SW_DW_ADD25', 'SW_DW_ADD33', 'SW_DW_ADD50', 'SW_DW_ADD66', 'SW_DW_ADD75', 'DW10', 'SW_DW_DIV_50', 'SW_DW_DIV_75', 'SW_DW_DIV_33', 'SW_DW_DIV_10']"
20,20,7.326714115758096,4.00325547495196,11.329969590710055,7.4901875257492065,4.158086061477661,11.648273706436157,113.86948443997291,35.32294021114226,149.19242563555318,114.45805358886719,4.158086061477661,118.61614036560059,0.1,"['CP', 'DT', 'SUT', 'SUT_DT_ADD', 'SW_DW_ADD10', 'SW_DW_ADD25', 'SW_DW_ADD33', 'SW_DW_ADD50', 'SW_DW_ADD66', 'SW_DW_ADD75', 'DW10', 'SW_DW_DIV_50', 'SW_DW_DIV_75', 'SW_DW_DIV_33', 'SW_DW_DIV_10']"
21,21,7.1839499319753335,3.998175105740947,11.182125060789046,7.131615161895752,3.9651405811309814,11.096755743026733,111.56671585575226,35.105706553305346,146.67242234753024,104.92084121704102,3.9651405811309814,108.88598442077637,0.1,"['CP', 'DT', 'SUT', 'SUT_DT_ADD', 'SW_DW_ADD10', 'SW_DW_ADD25', 'SW_DW_ADD33', 'SW_DW_ADD50', 'SW_DW_ADD66', 'SW_DW_ADD75', 'DW10', 'SW_DW_DIV_50', 'SW_DW_DIV_75', 'SW_DW_DIV_33', 'SW_DW_DIV_10']"
22,22,7.196993058727633,3.9292211609501995,11.1262142427506,7.3579957485198975,3.8968024253845215,11.254798173904419,111.16652113391507,34.31116805538054,145.4776877126386,108.10220909118652,3.8968024253845215,111.9990119934082,0.1,"['CP', 'DT', 'SUT', 'SUT_DT_ADD', 'SW_DW_ADD10', 'SW_DW_ADD25', 'SW_DW_ADD33', 'SW_DW_ADD50', 'SW_DW_ADD66', 'SW_DW_ADD75', 'DW10', 'SW_DW_DIV_50', 'SW_DW_DIV_75', 'SW_DW_DIV_33', 'SW_DW_DIV_10']"
23,23,7.194004597202424,3.8937816158417733,11.08778618228051,7.663729429244995,3.960752546787262,11.624481916427612,111.22354470529864,34.016997614214496,145.24054201187627,118.19977951049805,3.960752546787262,122.16053199768066,0.1,"['CP', 'DT', 'SUT', 'SUT_DT_ADD', 'SW_DW_ADD10', 'SW_DW_ADD25', 'SW_DW_ADD33', 'SW_DW_ADD50', 'SW_DW_ADD66', 'SW_DW_ADD75', 'DW10', 'SW_DW_DIV_50', 'SW_DW_DIV_75', 'SW_DW_DIV_33', 'SW_DW_DIV_10']"
24,24,7.162704021699967,3.9527078982322448,11.115411850713915,7.517922043800354,4.0507031083106995,11.568625211715698,110.0286136750252,34.620112696001605,144.64872692477317,114.29187774658203,4.0507031083106995,118.34258079528809,0.1,"['CP', 'DT', 'SUT', 'SUT_DT_ADD', 'SW_DW_ADD10', 'SW_DW_ADD25', 'SW_DW_ADD33', 'SW_DW_ADD50', 'SW_DW_ADD66', 'SW_DW_ADD75', 'DW10', 'SW_DW_DIV_50', 'SW_DW_DIV_75', 'SW_DW_DIV_33', 'SW_DW_DIV_10']"
25,25,7.214273637340915,3.9943715603120866,11.208645205343924,7.381948232650757,3.9398211240768433,11.321768999099731,111.7093500937185,34.82361904267342,146.53296956708354,111.90919876098633,3.9398211240768433,115.84902000427246,0.1,"['CP', 'DT', 'SUT', 'SUT_DT_ADD', 'SW_DW_ADD10', 'SW_DW_ADD25', 'SW_DW_ADD33', 'SW_DW_ADD50', 'SW_DW_ADD66', 'SW_DW_ADD75', 'DW10', 'SW_DW_DIV_50', 'SW_DW_DIV_75', 'SW_DW_DIV_33', 'SW_DW_DIV_10']"
26,26,7.109147287184192,3.866685367399646,10.975832600747385,7.144039154052734,3.8402398228645325,10.984278917312622,108.78395228232107,33.69211892158754,142.476072249874,111.02214431762695,3.8402398228645325,114.86238479614258,0.1,"['CP', 'DT', 'SUT', 'SUT_DT_ADD', 'SW_DW_ADD10', 'SW_DW_ADD25', 'SW_DW_ADD33', 'SW_DW_ADD50', 'SW_DW_ADD66', 'SW_DW_ADD75', 'DW10', 'SW_DW_DIV_50', 'SW_DW_DIV_75', 'SW_DW_DIV_33', 'SW_DW_DIV_10']"
27,27,7.204840367840182,3.9118153972010457,11.11665568813201,7.337697148323059,3.9158199429512024,11.253516912460327,111.50492908108619,34.099720739549205,145.60464945147115,109.56471061706543,3.9158199429512024,113.48053169250488,0.020000000000000004,"['CP', 'DT', 'SUT', 'SUT_DT_ADD', 'SW_DW_ADD10', 'SW_DW_ADD25', 'SW_DW_ADD33', 'SW_DW_ADD50', 'SW_DW_ADD66', 'SW_DW_ADD75', 'DW10', 'SW_DW_DIV_50', 'SW_DW_DIV_75', 'SW_DW_DIV_33', 'SW_DW_DIV_10']"
28,28,6.761069036299182,3.7182541124282347,10.479323171800182,6.708990693092346,3.730498433113098,10.439489126205444,101.60850278792843,32.35483624858241,133.96334026705833,96.9752140045166,3.730498433113098,100.7057113647461,0.020000000000000004,"['CP', 'DT', 'SUT', 'SUT_DT_ADD', 'SW_DW_ADD10', 'SW_DW_ADD25', 'SW_DW_ADD33', 'SW_DW_ADD50', 'SW_DW_ADD66', 'SW_DW_ADD75', 'DW10', 'SW_DW_DIV_50', 'SW_DW_DIV_75', 'SW_DW_DIV_33', 'SW_DW_DIV_10']"
29,29,6.622760034376575,3.677482181979764,10.30024230095648,6.721246719360352,3.704072058200836,10.425318956375122,98.91220166606288,31.658673994002804,130.57087584464782,97.01585960388184,3.704072058200836,100.71993255615234,0.020000000000000004,"['CP', 'DT', 'SUT', 'SUT_DT_ADD', 'SW_DW_ADD10', 'SW_DW_ADD25', 'SW_DW_ADD33', 'SW_DW_ADD50', 'SW_DW_ADD66', 'SW_DW_ADD75', 'DW10', 'SW_DW_DIV_50', 'SW_DW_DIV_75', 'SW_DW_DIV_33', 'SW_DW_DIV_10']"
30,30,6.595380906135805,3.6204808681241927,10.215861720423545,6.760504364967346,3.7527759075164795,10.513280391693115,98.31538957165134,30.913789133871756,129.22917913621473,97.96324920654297,3.7527759075164795,101.71602630615234,0.020000000000000004,"['CP', 'DT', 'SUT', 'SUT_DT_ADD', 'SW_DW_ADD10', 'SW_DW_ADD25', 'SW_DW_ADD33', 'SW_DW_ADD50', 'SW_DW_ADD66', 'SW_DW_ADD75', 'DW10', 'SW_DW_DIV_50', 'SW_DW_DIV_75', 'SW_DW_DIV_33', 'SW_DW_DIV_10']"
31,31,6.548362731933594,3.626045080923265,10.174407743638561,6.687844514846802,3.716327667236328,10.40417194366455,98.06459660683909,31.109390874062814,129.17398661951864,96.35708618164062,3.716327667236328,100.07341194152832,0.020000000000000004,"['CP', 'DT', 'SUT', 'SUT_DT_ADD', 'SW_DW_ADD10', 'SW_DW_ADD25', 'SW_DW_ADD33', 'SW_DW_ADD50', 'SW_DW_ADD66', 'SW_DW_ADD75', 'DW10', 'SW_DW_DIV_50', 'SW_DW_DIV_75', 'SW_DW_DIV_33', 'SW_DW_DIV_10']"
32,32,6.514185705492573,3.60127362128227,10.115459349847608,6.695932984352112,3.7134187817573547,10.409351825714111,96.81695802750126,30.702311669626543,127.51927111225743,97.0743293762207,3.7134187817573547,100.78774833679199,0.020000000000000004,"['CP', 'DT', 'SUT', 'SUT_DT_ADD', 'SW_DW_ADD10', 'SW_DW_ADD25', 'SW_DW_ADD33', 'SW_DW_ADD50', 'SW_DW_ADD66', 'SW_DW_ADD75', 'DW10', 'SW_DW_DIV_50', 'SW_DW_DIV_75', 'SW_DW_DIV_33', 'SW_DW_DIV_10']"
33,33,6.478069720729705,3.6115038318018757,10.089573583295268,6.659007430076599,3.6733524799346924,10.332359790802002,96.11764698643839,30.79992134340348,126.91756783762285,96.69397354125977,3.6733524799346924,100.36732864379883,0.020000000000000004,"['CP', 'DT', 'SUT', 'SUT_DT_ADD', 'SW_DW_ADD10', 'SW_DW_ADD25', 'SW_DW_ADD33', 'SW_DW_ADD50', 'SW_DW_ADD66', 'SW_DW_ADD75', 'DW10', 'SW_DW_DIV_50', 'SW_DW_DIV_75', 'SW_DW_DIV_33', 'SW_DW_DIV_10']"
34,34,6.504526384415165,3.605060731211016,10.109587084862493,6.705858469009399,3.6806834936141968,10.386541843414307,96.80627835181451,30.862882060389364,127.66915967387538,96.57976341247559,3.6806834936141968,100.26044464111328,0.020000000000000004,"['CP', 'DT', 'SUT', 'SUT_DT_ADD', 'SW_DW_ADD10', 'SW_DW_ADD25', 'SW_DW_ADD33', 'SW_DW_ADD50', 'SW_DW_ADD66', 'SW_DW_ADD75', 'DW10', 'SW_DW_DIV_50', 'SW_DW_DIV_75', 'SW_DW_DIV_33', 'SW_DW_DIV_10']"
35,35,6.468000965733682,3.573772730365876,10.041773857608918,6.641444563865662,3.6574777960777283,10.298922300338745,95.8402367868731,30.53424939801616,126.3744858772524,96.81286811828613,3.6574777960777283,100.47034645080566,0.020000000000000004,"['CP', 'DT', 'SUT', 'SUT_DT_ADD', 'SW_DW_ADD10', 'SW_DW_ADD25', 'SW_DW_ADD33', 'SW_DW_ADD50', 'SW_DW_ADD66', 'SW_DW_ADD75', 'DW10', 'SW_DW_DIV_50', 'SW_DW_DIV_75', 'SW_DW_DIV_33', 'SW_DW_DIV_10']"
36,36,6.498378738280265,3.5884770654862925,10.086855919130388,6.675279974937439,3.645835280418396,10.321115493774414,95.92281390774635,30.520606010190903,126.44341991793725,96.51365089416504,3.645835280418396,100.15948486328125,0.020000000000000004,"['CP', 'DT', 'SUT', 'SUT_DT_ADD', 'SW_DW_ADD10', 'SW_DW_ADD25', 'SW_DW_ADD33', 'SW_DW_ADD50', 'SW_DW_ADD66', 'SW_DW_ADD75', 'DW10', 'SW_DW_DIV_50', 'SW_DW_DIV_75', 'SW_DW_DIV_33', 'SW_DW_DIV_10']"
37,37,6.523577259432885,3.593130519313197,10.116707678764097,6.721737742424011,3.6804102659225464,10.402147769927979,96.35716370613345,30.735564877909997,127.09272913778982,97.30195999145508,3.6804102659225464,100.98237228393555,0.004000000000000001,"['CP', 'DT', 'SUT', 'SUT_DT_ADD', 'SW_DW_ADD10', 'SW_DW_ADD25', 'SW_DW_ADD33', 'SW_DW_ADD50', 'SW_DW_ADD66', 'SW_DW_ADD75', 'DW10', 'SW_DW_DIV_50', 'SW_DW_DIV_75', 'SW_DW_DIV_33', 'SW_DW_DIV_10']"
38,38,6.410024304543772,3.5416340751032673,9.951658371956118,6.602891564369202,3.629815995693207,10.232707500457764,94.87245375110257,30.170012566351122,125.04246693272745,95.48202514648438,3.629815995693207,99.11184120178223,0.004000000000000001,"['CP', 'DT', 'SUT', 'SUT_DT_ADD', 'SW_DW_ADD10', 'SW_DW_ADD25', 'SW_DW_ADD33', 'SW_DW_ADD50', 'SW_DW_ADD66', 'SW_DW_ADD75', 'DW10', 'SW_DW_DIV_50', 'SW_DW_DIV_75', 'SW_DW_DIV_33', 'SW_DW_DIV_10']"
39,39,6.341667698275659,3.514159071830011,9.855826654741842,6.589962482452393,3.634074032306671,10.224036693572998,93.4468984296245,29.940344656667403,123.38724320934665,95.07226753234863,3.634074032306671,98.70634269714355,0.004000000000000001,"['CP', 'DT', 'SUT', 'SUT_DT_ADD', 'SW_DW_ADD10', 'SW_DW_ADD25', 'SW_DW_ADD33', 'SW_DW_ADD50', 'SW_DW_ADD66', 'SW_DW_ADD75', 'DW10', 'SW_DW_DIV_50', 'SW_DW_DIV_75', 'SW_DW_DIV_33', 'SW_DW_DIV_10']"
40,40,6.3455962058036555,3.5174463871986634,9.86304267760246,6.582449793815613,3.6170878410339355,10.199537515640259,93.46046620030558,29.94417910422048,123.40464511994392,95.12188529968262,3.6170878410339355,98.73897361755371,0.004000000000000001,"['CP', 'DT', 'SUT', 'SUT_DT_ADD', 'SW_DW_ADD10', 'SW_DW_ADD25', 'SW_DW_ADD33', 'SW_DW_ADD50', 'SW_DW_ADD66', 'SW_DW_ADD75', 'DW10', 'SW_DW_DIV_50', 'SW_DW_DIV_75', 'SW_DW_DIV_33', 'SW_DW_DIV_10']"
41,41,6.343287021883072,3.53156735820155,9.874854395466466,6.581151008605957,3.620882987976074,10.20203423500061,93.3923583492156,30.10466957092285,123.49702773555633,94.85626983642578,3.620882987976074,98.47715377807617,0.004000000000000001,"['CP', 'DT', 'SUT', 'SUT_DT_ADD', 'SW_DW_ADD10', 'SW_DW_ADD25', 'SW_DW_ADD33', 'SW_DW_ADD50', 'SW_DW_ADD66', 'SW_DW_ADD75', 'DW10', 'SW_DW_DIV_50', 'SW_DW_DIV_75', 'SW_DW_DIV_33', 'SW_DW_DIV_10']"
42,42,6.3543870372156945,3.5233035779768422,9.877690622883458,6.602073073387146,3.6233978867530823,10.225471019744873,93.44120099467617,30.02141232644358,123.46261276737336,95.3330020904541,3.6233978867530823,98.95639991760254,0.004000000000000001,"['CP', 'DT', 'SUT', 'SUT_DT_ADD', 'SW_DW_ADD10', 'SW_DW_ADD25', 'SW_DW_ADD33', 'SW_DW_ADD50', 'SW_DW_ADD66', 'SW_DW_ADD75', 'DW10', 'SW_DW_DIV_50', 'SW_DW_DIV_75', 'SW_DW_DIV_33', 'SW_DW_DIV_10']"
43,43,6.3392900036227315,3.5143464842150287,9.853636464764994,6.59945023059845,3.6206923127174377,10.220142602920532,93.50996989588583,29.950023528068296,123.45999342395413,95.4719009399414,3.6206923127174377,99.09259223937988,0.004000000000000001,"['CP', 'DT', 'SUT', 'SUT_DT_ADD', 'SW_DW_ADD10', 'SW_DW_ADD25', 'SW_DW_ADD33', 'SW_DW_ADD50', 'SW_DW_ADD66', 'SW_DW_ADD75', 'DW10', 'SW_DW_DIV_50', 'SW_DW_DIV_75', 'SW_DW_DIV_33', 'SW_DW_DIV_10']"
44,44,6.338151254961567,3.5173016055937736,9.855452783646122,6.587754011154175,3.6158493161201477,10.203603267669678,93.1751950171686,29.80999202112998,122.98518740746283,95.0848217010498,3.6158493161201477,98.70067024230957,0.004000000000000001,"['CP', 'DT', 'SUT', 'SUT_DT_ADD', 'SW_DW_ADD10', 'SW_DW_ADD25', 'SW_DW_ADD33', 'SW_DW_ADD50', 'SW_DW_ADD66', 'SW_DW_ADD75', 'DW10', 'SW_DW_DIV_50', 'SW_DW_DIV_75', 'SW_DW_DIV_33', 'SW_DW_DIV_10']"
45,45,6.32161924915929,3.507943791727866,9.829563079341765,6.6089208126068115,3.6144341826438904,10.223354816436768,93.25805073399698,29.87089667781707,123.12894759639617,95.58647918701172,3.6144341826438904,99.20091247558594,0.004000000000000001,"['CP', 'DT', 'SUT', 'SUT_DT_ADD', 'SW_DW_ADD10', 'SW_DW_ADD25', 'SW_DW_ADD33', 'SW_DW_ADD50', 'SW_DW_ADD66', 'SW_DW_ADD75', 'DW10', 'SW_DW_DIV_50', 'SW_DW_DIV_75', 'SW_DW_DIV_33', 'SW_DW_DIV_10']"
46,46,6.339468048464868,3.5051889496464885,9.84465697503859,6.587211966514587,3.6109842658042908,10.198196649551392,93.41783338977444,29.78651821997858,123.20435160975302,94.99979972839355,3.6109842658042908,98.61078453063965,0.004000000000000001,"['CP', 'DT', 'SUT', 'SUT_DT_ADD', 'SW_DW_ADD10', 'SW_DW_ADD25', 'SW_DW_ADD33', 'SW_DW_ADD50', 'SW_DW_ADD66', 'SW_DW_ADD75', 'DW10', 'SW_DW_DIV_50', 'SW_DW_DIV_75', 'SW_DW_DIV_33', 'SW_DW_DIV_10']"
47,47,6.342869881660707,3.5220489348134687,9.864918770328645,6.611027479171753,3.6149556636810303,10.225983142852783,93.3186281265751,29.960433160105058,123.27906184042654,95.66537857055664,3.6149556636810303,99.28033447265625,0.0008000000000000003,"['CP', 'DT', 'SUT', 'SUT_DT_ADD', 'SW_DW_ADD10', 'SW_DW_ADD25', 'SW_DW_ADD33', 'SW_DW_ADD50', 'SW_DW_ADD66', 'SW_DW_ADD75', 'DW10', 'SW_DW_DIV_50', 'SW_DW_DIV_75', 'SW_DW_DIV_33', 'SW_DW_DIV_10']"
48,48,6.309971286404517,3.5062490047947055,9.81622031427199,6.594223856925964,3.606231391429901,10.200455665588379,92.91892906927293,29.818213185956402,122.73714274744833,95.24121284484863,3.606231391429901,98.84744453430176,0.0008000000000000003,"['CP', 'DT', 'SUT', 'SUT_DT_ADD', 'SW_DW_ADD10', 'SW_DW_ADD25', 'SW_DW_ADD33', 'SW_DW_ADD50', 'SW_DW_ADD66', 'SW_DW_ADD75', 'DW10', 'SW_DW_DIV_50', 'SW_DW_DIV_75', 'SW_DW_DIV_33', 'SW_DW_DIV_10']"
49,49,6.314936391768917,3.493938938263924,9.808875268505465,6.583965063095093,3.607074022293091,10.191039323806763,92.71487475979713,29.695137393090032,122.41001252205142,94.99862670898438,3.607074022293091,98.6057014465332,0.0008000000000000003,"['CP', 'DT', 'SUT', 'SUT_DT_ADD', 'SW_DW_ADD10', 'SW_DW_ADD25', 'SW_DW_ADD33', 'SW_DW_ADD50', 'SW_DW_ADD66', 'SW_DW_ADD75', 'DW10', 'SW_DW_DIV_50', 'SW_DW_DIV_75', 'SW_DW_DIV_33', 'SW_DW_DIV_10']"
50,50,6.302999496459961,3.492386879459504,9.795386375919465,6.584192991256714,3.606722831726074,10.190915822982788,92.60980519940776,29.705445566485004,122.31525076589277,94.95004653930664,3.606722831726074,98.5567684173584,0.0008000000000000003,"['CP', 'DT', 'SUT', 'SUT_DT_ADD', 'SW_DW_ADD10', 'SW_DW_ADD25', 'SW_DW_ADD33', 'SW_DW_ADD50', 'SW_DW_ADD66', 'SW_DW_ADD75', 'DW10', 'SW_DW_DIV_50', 'SW_DW_DIV_75', 'SW_DW_DIV_33', 'SW_DW_DIV_10']"
51,51,6.302545224466631,3.5038978822769655,9.806443060598065,6.586783409118652,3.606044292449951,10.192827701568604,92.68082575644216,29.868495079778857,122.54932009789252,95.13208961486816,3.606044292449951,98.73813438415527,0.0008000000000000003,"['CP', 'DT', 'SUT', 'SUT_DT_ADD', 'SW_DW_ADD10', 'SW_DW_ADD25', 'SW_DW_ADD33', 'SW_DW_ADD50', 'SW_DW_ADD66', 'SW_DW_ADD75', 'DW10', 'SW_DW_DIV_50', 'SW_DW_DIV_75', 'SW_DW_DIV_33', 'SW_DW_DIV_10']"
52,52,6.308176594395792,3.5009581811966433,9.809134760210592,6.581990480422974,3.6051641702651978,10.187154531478882,92.66659053679436,29.73441610028667,122.40100737540952,94.98034858703613,3.6051641702651978,98.58551216125488,0.0008000000000000003,"['CP', 'DT', 'SUT', 'SUT_DT_ADD', 'SW_DW_ADD10', 'SW_DW_ADD25', 'SW_DW_ADD33', 'SW_DW_ADD50', 'SW_DW_ADD66', 'SW_DW_ADD75', 'DW10', 'SW_DW_DIV_50', 'SW_DW_DIV_75', 'SW_DW_DIV_33', 'SW_DW_DIV_10']"
53,53,6.294918214121172,3.4889428538660847,9.783861067987257,6.585490107536316,3.6061012744903564,10.191591501235962,92.44659866825226,29.639852216166833,122.08645088441911,95.05117607116699,3.6061012744903564,98.65727615356445,0.00016000000000000007,"['CP', 'DT', 'SUT', 'SUT_DT_ADD', 'SW_DW_ADD10', 'SW_DW_ADD25', 'SW_DW_ADD33', 'SW_DW_ADD50', 'SW_DW_ADD66', 'SW_DW_ADD75', 'DW10', 'SW_DW_DIV_50', 'SW_DW_DIV_75', 'SW_DW_DIV_33', 'SW_DW_DIV_10']"
54,54,6.296696339884112,3.499699361862675,9.796395670983099,6.584817290306091,3.6070245504379272,10.19184160232544,92.44632031840663,29.76867921890751,122.21499978342364,95.11050224304199,3.6070245504379272,98.71752548217773,0.00016000000000000007,"['CP', 'DT', 'SUT', 'SUT_DT_ADD', 'SW_DW_ADD10', 'SW_DW_ADD25', 'SW_DW_ADD33', 'SW_DW_ADD50', 'SW_DW_ADD66', 'SW_DW_ADD75', 'DW10', 'SW_DW_DIV_50', 'SW_DW_DIV_75', 'SW_DW_DIV_33', 'SW_DW_DIV_10']"
55,55,6.313009554339994,3.4985148675980104,9.811524360410628,6.586905241012573,3.6076961159706116,10.19460129737854,92.79619598388672,29.73087058528777,122.52706638459236,95.13650703430176,3.6076961159706116,98.74420356750488,0.00016000000000000007,"['CP', 'DT', 'SUT', 'SUT_DT_ADD', 'SW_DW_ADD10', 'SW_DW_ADD25', 'SW_DW_ADD33', 'SW_DW_ADD50', 'SW_DW_ADD66', 'SW_DW_ADD75', 'DW10', 'SW_DW_DIV_50', 'SW_DW_DIV_75', 'SW_DW_DIV_33', 'SW_DW_DIV_10']"
56,56,6.2840095643074285,3.491710239841092,9.775719827221286,6.582842588424683,3.6062750816345215,10.189117670059204,92.17361893192414,29.618137974892893,121.79175739903604,94.95628929138184,3.6062750816345215,98.56256484985352,0.00016000000000000007,"['CP', 'DT', 'SUT', 'SUT_DT_ADD', 'SW_DW_ADD10', 'SW_DW_ADD25', 'SW_DW_ADD33', 'SW_DW_ADD50', 'SW_DW_ADD66', 'SW_DW_ADD75', 'DW10', 'SW_DW_DIV_50', 'SW_DW_DIV_75', 'SW_DW_DIV_33', 'SW_DW_DIV_10']"
57,57,6.285159864733296,3.4935316424215994,9.778691414863832,6.588115930557251,3.60870361328125,10.196819543838501,92.37547696021295,29.704050371723792,122.07952683971774,95.13506126403809,3.60870361328125,98.74376487731934,0.00016000000000000007,"['CP', 'DT', 'SUT', 'SUT_DT_ADD', 'SW_DW_ADD10', 'SW_DW_ADD25', 'SW_DW_ADD33', 'SW_DW_ADD50', 'SW_DW_ADD66', 'SW_DW_ADD75', 'DW10', 'SW_DW_DIV_50', 'SW_DW_DIV_75', 'SW_DW_DIV_33', 'SW_DW_DIV_10']"
58,58,6.29947728495444,3.5010567941973285,9.8005341252973,6.590017080307007,3.6072219014167786,10.19723892211914,92.57378436673072,29.73923049434539,122.31301535329511,95.17940711975098,3.6072219014167786,98.78662872314453,0.00016000000000000007,"['CP', 'DT', 'SUT', 'SUT_DT_ADD', 'SW_DW_ADD10', 'SW_DW_ADD25', 'SW_DW_ADD33', 'SW_DW_ADD50', 'SW_DW_ADD66', 'SW_DW_ADD75', 'DW10', 'SW_DW_DIV_50', 'SW_DW_DIV_75', 'SW_DW_DIV_33', 'SW_DW_DIV_10']"
59,59,6.310921422896847,3.4962339324335896,9.807155393785045,6.582505583763123,3.607676684856415,10.190182209014893,92.83217325518208,29.688167510494107,122.52034119636782,94.9909839630127,3.607676684856415,98.59865951538086,5e-05,"['CP', 'DT', 'SUT', 'SUT_DT_ADD', 'SW_DW_ADD10', 'SW_DW_ADD25', 'SW_DW_ADD33', 'SW_DW_ADD50', 'SW_DW_ADD66', 'SW_DW_ADD75', 'DW10', 'SW_DW_DIV_50', 'SW_DW_DIV_75', 'SW_DW_DIV_33', 'SW_DW_DIV_10']"
60,60,6.275723195845081,3.486557845146425,9.762280987155053,6.582063436508179,3.606397569179535,10.188461065292358,92.32172246133128,29.638586290421024,121.96030844411543,94.9753303527832,3.606397569179535,98.58172988891602,5e-05,"['CP', 'DT', 'SUT', 'SUT_DT_ADD', 'SW_DW_ADD10', 'SW_DW_ADD25', 'SW_DW_ADD33', 'SW_DW_ADD50', 'SW_DW_ADD66', 'SW_DW_ADD75', 'DW10', 'SW_DW_DIV_50', 'SW_DW_DIV_75', 'SW_DW_DIV_33', 'SW_DW_DIV_10']"
61,61,6.291298220234532,3.494398186283727,9.785696398827337,6.582181215286255,3.6062190532684326,10.188400268554688,92.44785038117439,29.723645548666678,122.17149672969695,94.98096466064453,3.6062190532684326,98.58718299865723,5e-05,"['CP', 'DT', 'SUT', 'SUT_DT_ADD', 'SW_DW_ADD10', 'SW_DW_ADD25', 'SW_DW_ADD33', 'SW_DW_ADD50', 'SW_DW_ADD66', 'SW_DW_ADD75', 'DW10', 'SW_DW_DIV_50', 'SW_DW_DIV_75', 'SW_DW_DIV_33', 'SW_DW_DIV_10']"
62,62,6.303391856531943,3.502048030976326,9.805439949035645,6.581809043884277,3.6066893935203552,10.188498497009277,92.59036820934665,29.78343988233997,122.37380932223412,94.97818756103516,3.6066893935203552,98.58487701416016,5e-05,"['CP', 'DT', 'SUT', 'SUT_DT_ADD', 'SW_DW_ADD10', 'SW_DW_ADD25', 'SW_DW_ADD33', 'SW_DW_ADD50', 'SW_DW_ADD66', 'SW_DW_ADD75', 'DW10', 'SW_DW_DIV_50', 'SW_DW_DIV_75', 'SW_DW_DIV_33', 'SW_DW_DIV_10']"
63,63,6.2876988226367585,3.4941118532611477,9.781810729734358,6.581251263618469,3.6054885387420654,10.186739683151245,92.32286834716797,29.663080030871974,121.98594887025895,95.00651168823242,3.6054885387420654,98.61199951171875,5e-05,"['CP', 'DT', 'SUT', 'SUT_DT_ADD', 'SW_DW_ADD10', 'SW_DW_ADD25', 'SW_DW_ADD33', 'SW_DW_ADD50', 'SW_DW_ADD66', 'SW_DW_ADD75', 'DW10', 'SW_DW_DIV_50', 'SW_DW_DIV_75', 'SW_DW_DIV_33', 'SW_DW_DIV_10']"
64,64,6.304243979915496,3.4973884474846626,9.80163238894555,6.582633852958679,3.6057940125465393,10.188427925109863,92.47771773799774,29.719386316114857,122.19710417716733,95.0518684387207,3.6057940125465393,98.65766334533691,5e-05,"['CP', 'DT', 'SUT', 'SUT_DT_ADD', 'SW_DW_ADD10', 'SW_DW_ADD25', 'SW_DW_ADD33', 'SW_DW_ADD50', 'SW_DW_ADD66', 'SW_DW_ADD75', 'DW10', 'SW_DW_DIV_50', 'SW_DW_DIV_75', 'SW_DW_DIV_33', 'SW_DW_DIV_10']"
65,65,6.300882508677821,3.4974696713109172,9.798352087697674,6.584414482116699,3.6061633229255676,10.190577983856201,92.5278549194336,29.723248943205803,122.25110404722152,95.01392364501953,3.6061633229255676,98.62008666992188,5e-05,"['CP', 'DT', 'SUT', 'SUT_DT_ADD', 'SW_DW_ADD10', 'SW_DW_ADD25', 'SW_DW_ADD33', 'SW_DW_ADD50', 'SW_DW_ADD66', 'SW_DW_ADD75', 'DW10', 'SW_DW_DIV_50', 'SW_DW_DIV_75', 'SW_DW_DIV_33', 'SW_DW_DIV_10']"
66,66,6.29820046886321,3.4983501049780075,9.796550596913983,6.5844645500183105,3.605758488178253,10.190223217010498,92.4655993061681,29.70176198405604,122.16736085953251,95.06987190246582,3.605758488178253,98.67563056945801,5e-05,"['CP', 'DT', 'SUT', 'SUT_DT_ADD', 'SW_DW_ADD10', 'SW_DW_ADD25', 'SW_DW_ADD33', 'SW_DW_ADD50', 'SW_DW_ADD66', 'SW_DW_ADD75', 'DW10', 'SW_DW_DIV_50', 'SW_DW_DIV_75', 'SW_DW_DIV_33', 'SW_DW_DIV_10']"
67,67,6.3083614995402675,3.5098883951863935,9.818249856272052,6.580955743789673,3.606202006340027,10.18715763092041,92.65970808459866,29.903995021697014,122.56370322935042,95.00339889526367,3.606202006340027,98.60960006713867,5e-05,"['CP', 'DT', 'SUT', 'SUT_DT_ADD', 'SW_DW_ADD10', 'SW_DW_ADD25', 'SW_DW_ADD33', 'SW_DW_ADD50', 'SW_DW_ADD66', 'SW_DW_ADD75', 'DW10', 'SW_DW_DIV_50', 'SW_DW_DIV_75', 'SW_DW_DIV_33', 'SW_DW_DIV_10']"
68,68,6.309666510551207,3.502732669153521,9.812399156631962,6.580811619758606,3.6053006649017334,10.186112403869629,92.60136044409967,29.775715428013957,122.3770756875315,94.97602653503418,3.6053006649017334,98.58132743835449,5e-05,"['CP', 'DT', 'SUT', 'SUT_DT_ADD', 'SW_DW_ADD10', 'SW_DW_ADD25', 'SW_DW_ADD33', 'SW_DW_ADD50', 'SW_DW_ADD66', 'SW_DW_ADD75', 'DW10', 'SW_DW_DIV_50', 'SW_DW_DIV_75', 'SW_DW_DIV_33', 'SW_DW_DIV_10']"
69,69,6.294062076076385,3.508996763537007,9.803058839613392,6.582974076271057,3.606094539165497,10.189068794250488,92.48229734359249,29.82343630636892,122.30573346537929,95.0392951965332,3.606094539165497,98.64538955688477,5e-05,"['CP', 'DT', 'SUT', 'SUT_DT_ADD', 'SW_DW_ADD10', 'SW_DW_ADD25', 'SW_DW_ADD33', 'SW_DW_ADD50', 'SW_DW_ADD66', 'SW_DW_ADD75', 'DW10', 'SW_DW_DIV_50', 'SW_DW_DIV_75', 'SW_DW_DIV_33', 'SW_DW_DIV_10']"
70,70,6.275568992860856,3.488992606439898,9.764561653137207,6.584975838661194,3.605469524860382,10.190445184707642,92.13284474034464,29.617462096675748,121.75030665243825,95.04703712463379,3.605469524860382,98.65250587463379,5e-05,"['CP', 'DT', 'SUT', 'SUT_DT_ADD', 'SW_DW_ADD10', 'SW_DW_ADD25', 'SW_DW_ADD33', 'SW_DW_ADD50', 'SW_DW_ADD66', 'SW_DW_ADD75', 'DW10', 'SW_DW_DIV_50', 'SW_DW_DIV_75', 'SW_DW_DIV_33', 'SW_DW_DIV_10']"
71,71,6.280474047507009,3.481677339922997,9.762151348975397,6.58210015296936,3.60601407289505,10.188114166259766,92.23114776611328,29.56311748873803,121.7942655009608,95.05035781860352,3.60601407289505,98.6563720703125,5e-05,"['CP', 'DT', 'SUT', 'SUT_DT_ADD', 'SW_DW_ADD10', 'SW_DW_ADD25', 'SW_DW_ADD33', 'SW_DW_ADD50', 'SW_DW_ADD66', 'SW_DW_ADD75', 'DW10', 'SW_DW_DIV_50', 'SW_DW_DIV_75', 'SW_DW_DIV_33', 'SW_DW_DIV_10']"
72,72,6.286907934373425,3.4869132657204904,9.773821153948385,6.5857813358306885,3.605131208896637,10.19091272354126,92.51747082125756,29.624257241525957,122.14172732445502,95.11720657348633,3.605131208896637,98.72233772277832,5e-05,"['CP', 'DT', 'SUT', 'SUT_DT_ADD', 'SW_DW_ADD10', 'SW_DW_ADD25', 'SW_DW_ADD33', 'SW_DW_ADD50', 'SW_DW_ADD66', 'SW_DW_ADD75', 'DW10', 'SW_DW_DIV_50', 'SW_DW_DIV_75', 'SW_DW_DIV_33', 'SW_DW_DIV_10']"
73,73,6.291124282344695,3.4862986226235666,9.777422874204573,6.5854973793029785,3.6060476303100586,10.191545248031616,92.38012867589151,29.616193771362305,121.99632238572643,95.14872932434082,3.6060476303100586,98.75477600097656,5e-05,"['CP', 'DT', 'SUT', 'SUT_DT_ADD', 'SW_DW_ADD10', 'SW_DW_ADD25', 'SW_DW_ADD33', 'SW_DW_ADD50', 'SW_DW_ADD66', 'SW_DW_ADD75', 'DW10', 'SW_DW_DIV_50', 'SW_DW_DIV_75', 'SW_DW_DIV_33', 'SW_DW_DIV_10']"
74,74,6.277100070830314,3.49142429905553,9.768524354504,6.584462523460388,3.60689377784729,10.191356420516968,92.18339095577117,29.732907879737116,121.91629865092617,95.0074291229248,3.60689377784729,98.61432266235352,5e-05,"['CP', 'DT', 'SUT', 'SUT_DT_ADD', 'SW_DW_ADD10', 'SW_DW_ADD25', 'SW_DW_ADD33', 'SW_DW_ADD50', 'SW_DW_ADD66', 'SW_DW_ADD75', 'DW10', 'SW_DW_DIV_50', 'SW_DW_DIV_75', 'SW_DW_DIV_33', 'SW_DW_DIV_10']"
75,75,6.272736672432192,3.489185748561736,9.761922374848396,6.584104657173157,3.6061307191848755,10.190235137939453,92.25150102184665,29.648871944796653,121.90037315122542,95.10454750061035,3.6061307191848755,98.71067810058594,5e-05,"['CP', 'DT', 'SUT', 'SUT_DT_ADD', 'SW_DW_ADD10', 'SW_DW_ADD25', 'SW_DW_ADD33', 'SW_DW_ADD50', 'SW_DW_ADD66', 'SW_DW_ADD75', 'DW10', 'SW_DW_DIV_50', 'SW_DW_DIV_75', 'SW_DW_DIV_33', 'SW_DW_DIV_10']"
76,76,6.283506085795741,3.493459440046741,9.776965479696951,6.579456090927124,3.6057575345039368,10.185213565826416,92.36446454448085,29.724042646346554,122.08850737540952,94.8787841796875,3.6057575345039368,98.48454284667969,5e-05,"['CP', 'DT', 'SUT', 'SUT_DT_ADD', 'SW_DW_ADD10', 'SW_DW_ADD25', 'SW_DW_ADD33', 'SW_DW_ADD50', 'SW_DW_ADD66', 'SW_DW_ADD75', 'DW10', 'SW_DW_DIV_50', 'SW_DW_DIV_75', 'SW_DW_DIV_33', 'SW_DW_DIV_10']"
77,77,6.280080010814052,3.485567331314087,9.765647334437217,6.58224892616272,3.605720818042755,10.18796968460083,92.11885907573085,29.628523057506932,121.74738213323778,95.07626152038574,3.605720818042755,98.68198204040527,5e-05,"['CP', 'DT', 'SUT', 'SUT_DT_ADD', 'SW_DW_ADD10', 'SW_DW_ADD25', 'SW_DW_ADD33', 'SW_DW_ADD50', 'SW_DW_ADD66', 'SW_DW_ADD75', 'DW10', 'SW_DW_DIV_50', 'SW_DW_DIV_75', 'SW_DW_DIV_33', 'SW_DW_DIV_10']"
78,78,6.291733849433161,3.5001587790827595,9.791892636206843,6.591857075691223,3.6105634570121765,10.202420234680176,92.42875031502017,29.76962778645177,122.19837754772556,95.27613258361816,3.6105634570121765,98.8866958618164,5e-05,"['CP', 'DT', 'SUT', 'SUT_DT_ADD', 'SW_DW_ADD10', 'SW_DW_ADD25', 'SW_DW_ADD33', 'SW_DW_ADD50', 'SW_DW_ADD66', 'SW_DW_ADD75', 'DW10', 'SW_DW_DIV_50', 'SW_DW_DIV_75', 'SW_DW_DIV_33', 'SW_DW_DIV_10']"
79,79,6.293882693013837,3.493618319111486,9.787500996743479,6.583508610725403,3.605701982975006,10.189210653305054,92.49365062098349,29.72287922520791,122.2165293539724,95.05118751525879,3.605701982975006,98.65688896179199,5e-05,"['CP', 'DT', 'SUT', 'SUT_DT_ADD', 'SW_DW_ADD10', 'SW_DW_ADD25', 'SW_DW_ADD33', 'SW_DW_ADD50', 'SW_DW_ADD66', 'SW_DW_ADD75', 'DW10', 'SW_DW_DIV_50', 'SW_DW_DIV_75', 'SW_DW_DIV_33', 'SW_DW_DIV_10']"
80,80,6.302226774154171,3.4909702731717016,9.793197016562186,6.586269497871399,3.6055310368537903,10.191800594329834,92.67854629024383,29.680205745081746,122.35875111241495,95.14018440246582,3.6055310368537903,98.74571418762207,5e-05,"['CP', 'DT', 'SUT', 'SUT_DT_ADD', 'SW_DW_ADD10', 'SW_DW_ADD25', 'SW_DW_ADD33', 'SW_DW_ADD50', 'SW_DW_ADD66', 'SW_DW_ADD75', 'DW10', 'SW_DW_DIV_50', 'SW_DW_DIV_75', 'SW_DW_DIV_33', 'SW_DW_DIV_10']"
81,81,6.317378613256639,3.493324387458063,9.810702939187326,6.59763491153717,3.6094276309013367,10.207062721252441,92.74664355862525,29.675958079676473,122.42260077691847,95.34923362731934,3.6094276309013367,98.95866012573242,5e-05,"['CP', 'DT', 'SUT', 'SUT_DT_ADD', 'SW_DW_ADD10', 'SW_DW_ADD25', 'SW_DW_ADD33', 'SW_DW_ADD50', 'SW_DW_ADD66', 'SW_DW_ADD75', 'DW10', 'SW_DW_DIV_50', 'SW_DW_DIV_75', 'SW_DW_DIV_33', 'SW_DW_DIV_10']"
82,82,6.307104295299899,3.501330198780183,9.80843448638916,6.583399057388306,3.6059488654136658,10.189347982406616,92.77856814476752,29.765611956196448,122.54418059318296,95.00383949279785,3.6059488654136658,98.60978889465332,5e-05,"['CP', 'DT', 'SUT', 'SUT_DT_ADD', 'SW_DW_ADD10', 'SW_DW_ADD25', 'SW_DW_ADD33', 'SW_DW_ADD50', 'SW_DW_ADD66', 'SW_DW_ADD75', 'DW10', 'SW_DW_DIV_50', 'SW_DW_DIV_75', 'SW_DW_DIV_33', 'SW_DW_DIV_10']"
83,83,6.285881719281597,3.490818838919363,9.77670048129174,6.58328115940094,3.6079726815223694,10.191253900527954,92.3826909219065,29.65198547609391,122.03467559814453,94.9395523071289,3.6079726815223694,98.54752540588379,5e-05,"['CP', 'DT', 'SUT', 'SUT_DT_ADD', 'SW_DW_ADD10', 'SW_DW_ADD25', 'SW_DW_ADD33', 'SW_DW_ADD50', 'SW_DW_ADD66', 'SW_DW_ADD75', 'DW10', 'SW_DW_DIV_50', 'SW_DW_DIV_75', 'SW_DW_DIV_33', 'SW_DW_DIV_10']"
84,84,6.294758427527643,3.4970716584113335,9.791830032102522,6.585174202919006,3.6075767874717712,10.192750930786133,92.44823849585748,29.71168395011656,122.15992293819305,95.13590431213379,3.6075767874717712,98.74348258972168,5e-05,"['CP', 'DT', 'SUT', 'SUT_DT_ADD', 'SW_DW_ADD10', 'SW_DW_ADD25', 'SW_DW_ADD33', 'SW_DW_ADD50', 'SW_DW_ADD66', 'SW_DW_ADD75', 'DW10', 'SW_DW_DIV_50', 'SW_DW_DIV_75', 'SW_DW_DIV_33', 'SW_DW_DIV_10']"
85,85,6.293520050664102,3.4955453103588474,9.78906536102295,6.582551717758179,3.6060972213745117,10.18864917755127,92.6378437165291,29.689939560428744,122.3277831539031,94.99647331237793,3.6060972213745117,98.60256958007812,5e-05,"['CP', 'DT', 'SUT', 'SUT_DT_ADD', 'SW_DW_ADD10', 'SW_DW_ADD25', 'SW_DW_ADD33', 'SW_DW_ADD50', 'SW_DW_ADD66', 'SW_DW_ADD75', 'DW10', 'SW_DW_DIV_50', 'SW_DW_DIV_75', 'SW_DW_DIV_33', 'SW_DW_DIV_10']"
86,86,6.294607224002961,3.49616829810604,9.790775452890704,6.587215542793274,3.606361150741577,10.193576574325562,92.32725377236643,29.71524367793914,122.04249769641507,95.13150215148926,3.606361150741577,98.73786354064941,5e-05,"['CP', 'DT', 'SUT', 'SUT_DT_ADD', 'SW_DW_ADD10', 'SW_DW_ADD25', 'SW_DW_ADD33', 'SW_DW_ADD50', 'SW_DW_ADD66', 'SW_DW_ADD75', 'DW10', 'SW_DW_DIV_50', 'SW_DW_DIV_75', 'SW_DW_DIV_33', 'SW_DW_DIV_10']"
87,87,6.299416311325565,3.4931993099950973,9.792615644393429,6.591352939605713,3.605713903903961,10.197067022323608,92.62650815902218,29.670186012021958,122.29669435562626,95.1822681427002,3.605713903903961,98.7879810333252,5e-05,"['CP', 'DT', 'SUT', 'SUT_DT_ADD', 'SW_DW_ADD10', 'SW_DW_ADD25', 'SW_DW_ADD33', 'SW_DW_ADD50', 'SW_DW_ADD66', 'SW_DW_ADD75', 'DW10', 'SW_DW_DIV_50', 'SW_DW_DIV_75', 'SW_DW_DIV_33', 'SW_DW_DIV_10']"
88,88,6.284733295440674,3.495203710371448,9.779937098103185,6.582903981208801,3.604866325855255,10.187770128250122,92.44549757434476,29.725372252925748,122.17087038101688,95.00398063659668,3.604866325855255,98.60884475708008,5e-05,"['CP', 'DT', 'SUT', 'SUT_DT_ADD', 'SW_DW_ADD10', 'SW_DW_ADD25', 'SW_DW_ADD33', 'SW_DW_ADD50', 'SW_DW_ADD66', 'SW_DW_ADD75', 'DW10', 'SW_DW_DIV_50', 'SW_DW_DIV_75', 'SW_DW_DIV_33', 'SW_DW_DIV_10']"
89,89,6.287680087550994,3.4843704239014657,9.772050488379694,6.583236455917358,3.605803072452545,10.189039707183838,92.3555423367408,29.6043887599822,121.95993165046939,95.03398513793945,3.605803072452545,98.6397876739502,5e-05,"['CP', 'DT', 'SUT', 'SUT_DT_ADD', 'SW_DW_ADD10', 'SW_DW_ADD25', 'SW_DW_ADD33', 'SW_DW_ADD50', 'SW_DW_ADD66', 'SW_DW_ADD75', 'DW10', 'SW_DW_DIV_50', 'SW_DW_DIV_75', 'SW_DW_DIV_33', 'SW_DW_DIV_10']"
90,90,6.298609872018138,3.5021746620055167,9.800784541714576,6.583356738090515,3.60609370470047,10.18945026397705,92.53863254670173,29.682367447883852,122.22100042527721,94.98689460754395,3.60609370470047,98.59298896789551,5e-05,"['CP', 'DT', 'SUT', 'SUT_DT_ADD', 'SW_DW_ADD10', 'SW_DW_ADD25', 'SW_DW_ADD33', 'SW_DW_ADD50', 'SW_DW_ADD66', 'SW_DW_ADD75', 'DW10', 'SW_DW_DIV_50', 'SW_DW_DIV_75', 'SW_DW_DIV_33', 'SW_DW_DIV_10']"
91,91,6.306582850794638,3.4939753932337605,9.800558213264711,6.581746220588684,3.6059815287590027,10.187727928161621,92.52986366518083,29.672550262943393,122.20241325132308,94.94424819946289,3.6059815287590027,98.55023002624512,5e-05,"['CP', 'DT', 'SUT', 'SUT_DT_ADD', 'SW_DW_ADD10', 'SW_DW_ADD25', 'SW_DW_ADD33', 'SW_DW_ADD50', 'SW_DW_ADD66', 'SW_DW_ADD75', 'DW10', 'SW_DW_DIV_50', 'SW_DW_DIV_75', 'SW_DW_DIV_33', 'SW_DW_DIV_10']"
92,92,6.2963683989740185,3.4887400288735666,9.785108381702054,6.5852789878845215,3.6061978936195374,10.191476583480835,92.58442540322581,29.588003589260964,122.17242923859627,95.0968017578125,3.6061978936195374,98.70299911499023,5e-05,"['CP', 'DT', 'SUT', 'SUT_DT_ADD', 'SW_DW_ADD10', 'SW_DW_ADD25', 'SW_DW_ADD33', 'SW_DW_ADD50', 'SW_DW_ADD66', 'SW_DW_ADD75', 'DW10', 'SW_DW_DIV_50', 'SW_DW_DIV_75', 'SW_DW_DIV_33', 'SW_DW_DIV_10']"
93,93,6.258120921350295,3.483983447474818,9.742104376516034,6.584581732749939,3.606048285961151,10.190629959106445,91.96955822360131,29.614604519259544,121.58416255827873,95.1017837524414,3.606048285961151,98.70783233642578,5e-05,"['CP', 'DT', 'SUT', 'SUT_DT_ADD', 'SW_DW_ADD10', 'SW_DW_ADD25', 'SW_DW_ADD33', 'SW_DW_ADD50', 'SW_DW_ADD66', 'SW_DW_ADD75', 'DW10', 'SW_DW_DIV_50', 'SW_DW_DIV_75', 'SW_DW_DIV_33', 'SW_DW_DIV_10']"
94,94,6.29853150152391,3.5014880241886264,9.80001954109438,6.5856252908706665,3.6074066162109375,10.193031787872314,92.63463863249748,29.817360170425907,122.45199855681389,95.07575988769531,3.6074066162109375,98.68316650390625,5e-05,"['CP', 'DT', 'SUT', 'SUT_DT_ADD', 'SW_DW_ADD10', 'SW_DW_ADD25', 'SW_DW_ADD33', 'SW_DW_ADD50', 'SW_DW_ADD66', 'SW_DW_ADD75', 'DW10', 'SW_DW_DIV_50', 'SW_DW_DIV_75', 'SW_DW_DIV_33', 'SW_DW_DIV_10']"
95,95,6.302165000669418,3.5018654638721096,9.804030387632308,6.592692255973816,3.6090250611305237,10.201717138290405,92.52838676206527,29.759899200931674,122.28828627063382,95.2551498413086,3.6090250611305237,98.86417579650879,5e-05,"['CP', 'DT', 'SUT', 'SUT_DT_ADD', 'SW_DW_ADD10', 'SW_DW_ADD25', 'SW_DW_ADD33', 'SW_DW_ADD50', 'SW_DW_ADD66', 'SW_DW_ADD75', 'DW10', 'SW_DW_DIV_50', 'SW_DW_DIV_75', 'SW_DW_DIV_33', 'SW_DW_DIV_10']"
96,96,6.2751953217291065,3.4872977349065963,9.762493041253858,6.581574559211731,3.606805920600891,10.188380479812622,92.09941199518019,29.65092775898595,121.7503398772209,94.96302604675293,3.606805920600891,98.56983184814453,5e-05,"['CP', 'DT', 'SUT', 'SUT_DT_ADD', 'SW_DW_ADD10', 'SW_DW_ADD25', 'SW_DW_ADD33', 'SW_DW_ADD50', 'SW_DW_ADD66', 'SW_DW_ADD75', 'DW10', 'SW_DW_DIV_50', 'SW_DW_DIV_75', 'SW_DW_DIV_33', 'SW_DW_DIV_10']"
97,97,6.303289705707181,3.5016703605651855,9.804960035508678,6.581629395484924,3.606427788734436,10.18805718421936,92.56329985587827,29.713735580444336,122.27703562090474,94.95665740966797,3.606427788734436,98.5630874633789,5e-05,"['CP', 'DT', 'SUT', 'SUT_DT_ADD', 'SW_DW_ADD10', 'SW_DW_ADD25', 'SW_DW_ADD33', 'SW_DW_ADD50', 'SW_DW_ADD66', 'SW_DW_ADD75', 'DW10', 'SW_DW_DIV_50', 'SW_DW_DIV_75', 'SW_DW_DIV_33', 'SW_DW_DIV_10']"
98,98,6.306187075953329,3.5018031289500575,9.80799025873984,6.581607341766357,3.604031026363373,10.185638427734375,92.60860024729082,29.824225148847027,122.43282588835686,94.99151229858398,3.604031026363373,98.59554290771484,5e-05,"['CP', 'DT', 'SUT', 'SUT_DT_ADD', 'SW_DW_ADD10', 'SW_DW_ADD25', 'SW_DW_ADD33', 'SW_DW_ADD50', 'SW_DW_ADD66', 'SW_DW_ADD75', 'DW10', 'SW_DW_DIV_50', 'SW_DW_DIV_75', 'SW_DW_DIV_33', 'SW_DW_DIV_10']"
99,99,6.29164308117282,3.4964873175467215,9.788130360264931,6.58427369594574,3.604999542236328,10.189273357391357,92.47527756229523,29.774420584401778,122.24969777753276,95.0587272644043,3.604999542236328,98.66372680664062,5e-05,"['CP', 'DT', 'SUT', 'SUT_DT_ADD', 'SW_DW_ADD10', 'SW_DW_ADD25', 'SW_DW_ADD33', 'SW_DW_ADD50', 'SW_DW_ADD66', 'SW_DW_ADD75', 'DW10', 'SW_DW_DIV_50', 'SW_DW_DIV_75', 'SW_DW_DIV_33', 'SW_DW_DIV_10']"
100,100,6.286522034675844,3.4967267513275146,9.783248839839812,6.584808111190796,3.6060836911201477,10.190891742706299,92.34008173788747,29.7134522468813,122.05353373865927,95.03923606872559,3.6060836911201477,98.64531898498535,5e-05,"['CP', 'DT', 'SUT', 'SUT_DT_ADD', 'SW_DW_ADD10', 'SW_DW_ADD25', 'SW_DW_ADD33', 'SW_DW_ADD50', 'SW_DW_ADD66', 'SW_DW_ADD75', 'DW10', 'SW_DW_DIV_50', 'SW_DW_DIV_75', 'SW_DW_DIV_33', 'SW_DW_DIV_10']"
101,101,6.278263722696612,3.486055420291039,9.764319112223964,6.58379054069519,3.606348991394043,10.190139532089233,92.20300022248298,29.679929241057366,121.88292940201298,95.07786750793457,3.606348991394043,98.68421745300293,5e-05,"['CP', 'DT', 'SUT', 'SUT_DT_ADD', 'SW_DW_ADD10', 'SW_DW_ADD25', 'SW_DW_ADD33', 'SW_DW_ADD50', 'SW_DW_ADD66', 'SW_DW_ADD75', 'DW10', 'SW_DW_DIV_50', 'SW_DW_DIV_75', 'SW_DW_DIV_33', 'SW_DW_DIV_10']"
102,102,6.3034118990744314,3.487656477958925,9.791068292433216,6.587571382522583,3.606160044670105,10.193731546401978,92.58538350751323,29.64437134035172,122.22975626299458,95.11675643920898,3.606160044670105,98.72291374206543,5e-05,"['CP', 'DT', 'SUT', 'SUT_DT_ADD', 'SW_DW_ADD10', 'SW_DW_ADD25', 'SW_DW_ADD33', 'SW_DW_ADD50', 'SW_DW_ADD66', 'SW_DW_ADD75', 'DW10', 'SW_DW_DIV_50', 'SW_DW_DIV_75', 'SW_DW_DIV_33', 'SW_DW_DIV_10']"
103,103,6.296222425276233,3.4924758403531966,9.788698257938508,6.58687686920166,3.6067572236061096,10.193634271621704,92.55771858461442,29.640221011254095,122.19793996503276,95.14796829223633,3.6067572236061096,98.75472450256348,5e-05,"['CP', 'DT', 'SUT', 'SUT_DT_ADD', 'SW_DW_ADD10', 'SW_DW_ADD25', 'SW_DW_ADD33', 'SW_DW_ADD50', 'SW_DW_ADD66', 'SW_DW_ADD75', 'DW10', 'SW_DW_DIV_50', 'SW_DW_DIV_75', 'SW_DW_DIV_33', 'SW_DW_DIV_10']"
104,104,6.298613702097247,3.4956975598489084,9.794311277328,6.583498597145081,3.6058695912361145,10.189367771148682,92.36435477964339,29.728595610587828,122.09295039023122,95.11651611328125,3.6058695912361145,98.72238731384277,5e-05,"['CP', 'DT', 'SUT', 'SUT_DT_ADD', 'SW_DW_ADD10', 'SW_DW_ADD25', 'SW_DW_ADD33', 'SW_DW_ADD50', 'SW_DW_ADD66', 'SW_DW_ADD75', 'DW10', 'SW_DW_DIV_50', 'SW_DW_DIV_75', 'SW_DW_DIV_33', 'SW_DW_DIV_10']"
105,105,6.301442346265239,3.5027395217649397,9.804181898793866,6.58197021484375,3.6041738390922546,10.18614411354065,92.41294934672695,29.750607029084236,122.16355699108493,94.98509407043457,3.6041738390922546,98.58926773071289,5e-05,"['CP', 'DT', 'SUT', 'SUT_DT_ADD', 'SW_DW_ADD10', 'SW_DW_ADD25', 'SW_DW_ADD33', 'SW_DW_ADD50', 'SW_DW_ADD66', 'SW_DW_ADD75', 'DW10', 'SW_DW_DIV_50', 'SW_DW_DIV_75', 'SW_DW_DIV_33', 'SW_DW_DIV_10']"
106,106,6.289112583283456,3.4931816285656345,9.782294242612776,6.582594037055969,3.6052313446998596,10.187825202941895,92.39193700974987,29.609701525780462,122.0016385970577,94.97929763793945,3.6052313446998596,98.58452987670898,5e-05,"['CP', 'DT', 'SUT', 'SUT_DT_ADD', 'SW_DW_ADD10', 'SW_DW_ADD25', 'SW_DW_ADD33', 'SW_DW_ADD50', 'SW_DW_ADD66', 'SW_DW_ADD75', 'DW10', 'SW_DW_DIV_50', 'SW_DW_DIV_75', 'SW_DW_DIV_33', 'SW_DW_DIV_10']"
107,107,6.302314589100499,3.497500588816981,9.79981517791748,6.586905002593994,3.6073849201202393,10.194290161132812,92.68473520586568,29.726653129823745,122.41138852027154,95.1772346496582,3.6073849201202393,98.78461837768555,5e-05,"['CP', 'DT', 'SUT', 'SUT_DT_ADD', 'SW_DW_ADD10', 'SW_DW_ADD25', 'SW_DW_ADD33', 'SW_DW_ADD50', 'SW_DW_ADD66', 'SW_DW_ADD75', 'DW10', 'SW_DW_DIV_50', 'SW_DW_DIV_75', 'SW_DW_DIV_33', 'SW_DW_DIV_10']"
108,108,6.30511454612978,3.492871146048269,9.797985845996488,6.585882067680359,3.607003331184387,10.192885160446167,92.93856909967238,29.686197465465916,122.62476668819305,95.1049976348877,3.607003331184387,98.71200370788574,5e-05,"['CP', 'DT', 'SUT', 'SUT_DT_ADD', 'SW_DW_ADD10', 'SW_DW_ADD25', 'SW_DW_ADD33', 'SW_DW_ADD50', 'SW_DW_ADD66', 'SW_DW_ADD75', 'DW10', 'SW_DW_DIV_50', 'SW_DW_DIV_75', 'SW_DW_DIV_33', 'SW_DW_DIV_10']"
109,109,6.297005730290567,3.4935910163387174,9.790596808156659,6.58501136302948,3.6053154468536377,10.190326929092407,92.63139490927419,29.725941811838457,122.35733745944115,95.09136772155762,3.6053154468536377,98.69668197631836,5e-05,"['CP', 'DT', 'SUT', 'SUT_DT_ADD', 'SW_DW_ADD10', 'SW_DW_ADD25', 'SW_DW_ADD33', 'SW_DW_ADD50', 'SW_DW_ADD66', 'SW_DW_ADD75', 'DW10', 'SW_DW_DIV_50', 'SW_DW_DIV_75', 'SW_DW_DIV_33', 'SW_DW_DIV_10']"
110,110,6.300127429346884,3.493198456302766,9.793325947177026,6.581613540649414,3.6059582829475403,10.187572002410889,92.38447890743133,29.725968268609815,122.11044705298639,94.99994850158691,3.6059582829475403,98.60590553283691,5e-05,"['CP', 'DT', 'SUT', 'SUT_DT_ADD', 'SW_DW_ADD10', 'SW_DW_ADD25', 'SW_DW_ADD33', 'SW_DW_ADD50', 'SW_DW_ADD66', 'SW_DW_ADD75', 'DW10', 'SW_DW_DIV_50', 'SW_DW_DIV_75', 'SW_DW_DIV_33', 'SW_DW_DIV_10']"
111,111,6.319879316514538,3.5052281502754457,9.82510745140814,6.585094094276428,3.605199456214905,10.190293550491333,92.81644095143965,29.77100839922505,122.58744910455519,95.05398750305176,3.605199456214905,98.65918731689453,5e-05,"['CP', 'DT', 'SUT', 'SUT_DT_ADD', 'SW_DW_ADD10', 'SW_DW_ADD25', 'SW_DW_ADD33', 'SW_DW_ADD50', 'SW_DW_ADD66', 'SW_DW_ADD75', 'DW10', 'SW_DW_DIV_50', 'SW_DW_DIV_75', 'SW_DW_DIV_33', 'SW_DW_DIV_10']"
112,112,6.281454470849806,3.4866411378306728,9.768095570225869,6.581561803817749,3.6061683297157288,10.187730312347412,92.1551023913968,29.627321489395634,121.7824229578818,95.02653503417969,3.6061683297157288,98.6327018737793,5e-05,"['CP', 'DT', 'SUT', 'SUT_DT_ADD', 'SW_DW_ADD10', 'SW_DW_ADD25', 'SW_DW_ADD33', 'SW_DW_ADD50', 'SW_DW_ADD66', 'SW_DW_ADD75', 'DW10', 'SW_DW_DIV_50', 'SW_DW_DIV_75', 'SW_DW_DIV_33', 'SW_DW_DIV_10']"
113,113,6.317503759937901,3.5169394400811966,9.83444324616463,6.588797211647034,3.6073309779167175,10.196128368377686,92.78522786786479,29.94348673666677,122.72871546591482,95.17413520812988,3.6073309779167175,98.78146743774414,5e-05,"['CP', 'DT', 'SUT', 'SUT_DT_ADD', 'SW_DW_ADD10', 'SW_DW_ADD25', 'SW_DW_ADD33', 'SW_DW_ADD50', 'SW_DW_ADD66', 'SW_DW_ADD75', 'DW10', 'SW_DW_DIV_50', 'SW_DW_DIV_75', 'SW_DW_DIV_33', 'SW_DW_DIV_10']"
114,114,6.289932912395846,3.4920874103423087,9.78202038426553,6.583789825439453,3.6059120893478394,10.189701795578003,92.24317612186555,29.697267101657005,121.94044297741306,95.07354545593262,3.6059120893478394,98.67945861816406,5e-05,"['CP', 'DT', 'SUT', 'SUT_DT_ADD', 'SW_DW_ADD10', 'SW_DW_ADD25', 'SW_DW_ADD33', 'SW_DW_ADD50', 'SW_DW_ADD66', 'SW_DW_ADD75', 'DW10', 'SW_DW_DIV_50', 'SW_DW_DIV_75', 'SW_DW_DIV_33', 'SW_DW_DIV_10']"
115,115,6.2757228728263605,3.490389739313433,9.766112604448873,6.585747599601746,3.6050082445144653,10.190755844116211,92.08428955078125,29.632999912385017,121.71728909400201,95.02248001098633,3.6050082445144653,98.62748908996582,5e-05,"['CP', 'DT', 'SUT', 'SUT_DT_ADD', 'SW_DW_ADD10', 'SW_DW_ADD25', 'SW_DW_ADD33', 'SW_DW_ADD50', 'SW_DW_ADD66', 'SW_DW_ADD75', 'DW10', 'SW_DW_DIV_50', 'SW_DW_DIV_75', 'SW_DW_DIV_33', 'SW_DW_DIV_10']"
116,116,6.290814076700518,3.486750510431105,9.77756457174978,6.585354804992676,3.6073615550994873,10.192716360092163,92.41502257316343,29.630333746633223,122.04535675048828,95.09416389465332,3.6073615550994873,98.70152473449707,5e-05,"['CP', 'DT', 'SUT', 'SUT_DT_ADD', 'SW_DW_ADD10', 'SW_DW_ADD25', 'SW_DW_ADD33', 'SW_DW_ADD50', 'SW_DW_ADD66', 'SW_DW_ADD75', 'DW10', 'SW_DW_DIV_50', 'SW_DW_DIV_75', 'SW_DW_DIV_33', 'SW_DW_DIV_10']"
117,117,6.287478093178041,3.4902797975847797,9.777757829235446,6.591756224632263,3.60788756608963,10.199643611907959,92.3438486899099,29.633334252142138,121.97718318816155,95.24417304992676,3.60788756608963,98.85205841064453,5e-05,"['CP', 'DT', 'SUT', 'SUT_DT_ADD', 'SW_DW_ADD10', 'SW_DW_ADD25', 'SW_DW_ADD33', 'SW_DW_ADD50', 'SW_DW_ADD66', 'SW_DW_ADD75', 'DW10', 'SW_DW_DIV_50', 'SW_DW_DIV_75', 'SW_DW_DIV_33', 'SW_DW_DIV_10']"
118,118,6.2744045565205235,3.4849297231243503,9.759334318099484,6.582442402839661,3.6045756936073303,10.187018156051636,92.04770881898942,29.592214953514837,121.63992383403163,95.03678512573242,3.6045756936073303,98.64135932922363,5e-05,"['CP', 'DT', 'SUT', 'SUT_DT_ADD', 'SW_DW_ADD10', 'SW_DW_ADD25', 'SW_DW_ADD33', 'SW_DW_ADD50', 'SW_DW_ADD66', 'SW_DW_ADD75', 'DW10', 'SW_DW_DIV_50', 'SW_DW_DIV_75', 'SW_DW_DIV_33', 'SW_DW_DIV_10']"
119,119,6.286970415422993,3.4927332324366414,9.779703601714104,6.582460999488831,3.6063868403434753,10.188847780227661,92.31626621369392,29.696223043626354,122.01248981106666,94.98453712463379,3.6063868403434753,98.5909252166748,5e-05,"['CP', 'DT', 'SUT', 'SUT_DT_ADD', 'SW_DW_ADD10', 'SW_DW_ADD25', 'SW_DW_ADD33', 'SW_DW_ADD50', 'SW_DW_ADD66', 'SW_DW_ADD75', 'DW10', 'SW_DW_DIV_50', 'SW_DW_DIV_75', 'SW_DW_DIV_33', 'SW_DW_DIV_10']"
120,120,6.30480412513979,3.505938991423576,9.810743085799679,6.582988142967224,3.605630874633789,10.188618898391724,92.52769987044796,29.771541964623236,122.2992408506332,95.06038665771484,3.605630874633789,98.666015625,5e-05,"['CP', 'DT', 'SUT', 'SUT_DT_ADD', 'SW_DW_ADD10', 'SW_DW_ADD25', 'SW_DW_ADD33', 'SW_DW_ADD50', 'SW_DW_ADD66', 'SW_DW_ADD75', 'DW10', 'SW_DW_DIV_50', 'SW_DW_DIV_75', 'SW_DW_DIV_33', 'SW_DW_DIV_10']"
121,121,6.276977169898249,3.488626157083819,9.765603280836537,6.583215951919556,3.6058642864227295,10.189080238342285,92.11259091284967,29.594165555892452,121.70675560735887,95.08295631408691,3.6058642864227295,98.6888198852539,5e-05,"['CP', 'DT', 'SUT', 'SUT_DT_ADD', 'SW_DW_ADD10', 'SW_DW_ADD25', 'SW_DW_ADD33', 'SW_DW_ADD50', 'SW_DW_ADD66', 'SW_DW_ADD75', 'DW10', 'SW_DW_DIV_50', 'SW_DW_DIV_75', 'SW_DW_DIV_33', 'SW_DW_DIV_10']"
122,122,6.295827650254773,3.501873416285361,9.797701005012758,6.5883519649505615,3.6092421412467957,10.197594165802002,92.50428550474105,29.737318777268932,122.2416034821541,95.17470932006836,3.6092421412467957,98.78395080566406,5e-05,"['CP', 'DT', 'SUT', 'SUT_DT_ADD', 'SW_DW_ADD10', 'SW_DW_ADD25', 'SW_DW_ADD33', 'SW_DW_ADD50', 'SW_DW_ADD66', 'SW_DW_ADD75', 'DW10', 'SW_DW_DIV_50', 'SW_DW_DIV_75', 'SW_DW_DIV_33', 'SW_DW_DIV_10']"
123,123,6.304689822658416,3.496124621360533,9.800814444018949,6.580855369567871,3.605931580066681,10.186787128448486,92.55719830912929,29.655976203180128,122.21317561980217,94.96785354614258,3.605931580066681,98.57378578186035,5e-05,"['CP', 'DT', 'SUT', 'SUT_DT_ADD', 'SW_DW_ADD10', 'SW_DW_ADD25', 'SW_DW_ADD33', 'SW_DW_ADD50', 'SW_DW_ADD66', 'SW_DW_ADD75', 'DW10', 'SW_DW_DIV_50', 'SW_DW_DIV_75', 'SW_DW_DIV_33', 'SW_DW_DIV_10']"
124,124,6.302131129849341,3.506289851280951,9.808420919602916,6.583110928535461,3.606216013431549,10.189327001571655,92.60155265561995,29.74759747905116,122.34914915023312,95.00514793395996,3.606216013431549,98.61136436462402,5e-05,"['CP', 'DT', 'SUT', 'SUT_DT_ADD', 'SW_DW_ADD10', 'SW_DW_ADD25', 'SW_DW_ADD33', 'SW_DW_ADD50', 'SW_DW_ADD66', 'SW_DW_ADD75', 'DW10', 'SW_DW_DIV_50', 'SW_DW_DIV_75', 'SW_DW_DIV_33', 'SW_DW_DIV_10']"
125,125,6.281171244959677,3.4969351137838056,9.778106443343624,6.5841064453125,3.6068782806396484,10.19098448753357,92.53399018318423,29.764307268204227,122.29829702069682,95.09256172180176,3.6068782806396484,98.69944190979004,5e-05,"['CP', 'DT', 'SUT', 'SUT_DT_ADD', 'SW_DW_ADD10', 'SW_DW_ADD25', 'SW_DW_ADD33', 'SW_DW_ADD50', 'SW_DW_ADD66', 'SW_DW_ADD75', 'DW10', 'SW_DW_DIV_50', 'SW_DW_DIV_75', 'SW_DW_DIV_33', 'SW_DW_DIV_10']"
